{
	"credit": "Made with Blockbench",
	"texture_size": [32, 32],
	"textures": {
		"0": "item/custom/campfire_fire",
		"2": "item/custom/campfire_wood",
		"3": "item/custom/campfire_stone",
		"particle": "item/custom/campfire_fire2"
	},
	"elements": [
		{
			"from": [5, 0, 7],
			"to": [11, 2, 9],
			"rotation": {"angle": 22.5, "axis": "z", "origin": [8, 0, 7]},
			"faces": {
				"north": {"uv": [0, 0, 3, 1], "texture": "#2"},
				"east": {"uv": [6, 0, 7, 1], "texture": "#2"},
				"south": {"uv": [0, 1, 3, 2], "texture": "#2"},
				"west": {"uv": [6, 1, 7, 2], "texture": "#2"},
				"up": {"uv": [3, 3, 0, 2], "texture": "#2"},
				"down": {"uv": [3, 3, 0, 4], "texture": "#2"}
			}
		},
		{
			"from": [5, -1, 5],
			"to": [7, 1, 11],
			"rotation": {"angle": -45, "axis": "x", "origin": [10, -1, 5]},
			"faces": {
				"north": {"uv": [5, 6, 6, 7], "texture": "#2"},
				"east": {"uv": [3, 0, 6, 1], "texture": "#2"},
				"south": {"uv": [6, 5, 7, 6], "texture": "#2"},
				"west": {"uv": [3, 1, 6, 2], "texture": "#2"},
				"up": {"uv": [4, 5, 3, 2], "texture": "#2"},
				"down": {"uv": [1, 4, 0, 7], "texture": "#2"}
			}
		},
		{
			"from": [10, -1, 3],
			"to": [12, 1, 9],
			"rotation": {"angle": 22.5, "axis": "y", "origin": [13, -1, 9]},
			"faces": {
				"north": {"uv": [6, 6, 7, 7], "texture": "#2"},
				"east": {"uv": [4, 2, 7, 3], "texture": "#2"},
				"south": {"uv": [0, 7, 1, 8], "texture": "#2"},
				"west": {"uv": [4, 3, 7, 4], "texture": "#2"},
				"up": {"uv": [2, 7, 1, 4], "texture": "#2"},
				"down": {"uv": [3, 4, 2, 7], "texture": "#2"}
			}
		},
		{
			"from": [7, -1, 5],
			"to": [9, 1, 11],
			"rotation": {"angle": 45, "axis": "x", "origin": [12, -1, 11]},
			"faces": {
				"north": {"uv": [7, 0, 8, 1], "texture": "#2"},
				"east": {"uv": [4, 4, 7, 5], "texture": "#2"},
				"south": {"uv": [1, 7, 2, 8], "texture": "#2"},
				"west": {"uv": [3, 5, 6, 6], "texture": "#2"},
				"up": {"uv": [4, 9, 3, 6], "texture": "#2"},
				"down": {"uv": [5, 6, 4, 9], "texture": "#2"}
			}
		},
		{
			"from": [0, 0, 9],
			"to": [3, 2, 12],
			"rotation": {"angle": 22.5, "axis": "y", "origin": [0, 0, 9]},
			"faces": {
				"north": {"uv": [1.5, 6, 3, 7], "texture": "#3"},
				"east": {"uv": [6, 1.5, 7.5, 2.5], "texture": "#3"},
				"south": {"uv": [6, 2.5, 7.5, 3.5], "texture": "#3"},
				"west": {"uv": [3, 6, 4.5, 7], "texture": "#3"},
				"up": {"uv": [1.5, 1.5, 0, 0], "texture": "#3"},
				"down": {"uv": [1.5, 1.5, 0, 3], "texture": "#3"}
			}
		},
		{
			"from": [2, 0, 13],
			"to": [5, 2, 16],
			"rotation": {"angle": 45, "axis": "y", "origin": [2, 0, 13]},
			"faces": {
				"north": {"uv": [6, 3.5, 7.5, 4.5], "texture": "#3"},
				"east": {"uv": [4.5, 6, 6, 7], "texture": "#3"},
				"south": {"uv": [6, 4.5, 7.5, 5.5], "texture": "#3"},
				"west": {"uv": [6, 5.5, 7.5, 6.5], "texture": "#3"},
				"up": {"uv": [3, 1.5, 1.5, 0], "texture": "#3"},
				"down": {"uv": [3, 1.5, 1.5, 3], "texture": "#3"}
			}
		},
		{
			"from": [3, 0, 1],
			"to": [6, 2, 4],
			"rotation": {"angle": 22.5, "axis": "y", "origin": [3, 0, 1]},
			"faces": {
				"north": {"uv": [6, 6.5, 7.5, 7.5], "texture": "#3"},
				"east": {"uv": [1.5, 7, 3, 8], "texture": "#3"},
				"south": {"uv": [3, 7, 4.5, 8], "texture": "#3"},
				"west": {"uv": [4.5, 7, 6, 8], "texture": "#3"},
				"up": {"uv": [1.5, 4.5, 0, 3], "texture": "#3"},
				"down": {"uv": [4.5, 0, 3, 1.5], "texture": "#3"}
			}
		},
		{
			"from": [0, 0, 3],
			"to": [3, 2, 6],
			"rotation": {"angle": -22.5, "axis": "y", "origin": [0, 0, 6]},
			"faces": {
				"north": {"uv": [0, 7.5, 1.5, 8.5], "texture": "#3"},
				"east": {"uv": [7.5, 0, 9, 1], "texture": "#3"},
				"south": {"uv": [7.5, 1, 9, 2], "texture": "#3"},
				"west": {"uv": [7.5, 2, 9, 3], "texture": "#3"},
				"up": {"uv": [3, 4.5, 1.5, 3], "texture": "#3"},
				"down": {"uv": [4.5, 1.5, 3, 3], "texture": "#3"}
			}
		},
		{
			"from": [13, 0, 7],
			"to": [16, 2, 10],
			"rotation": {"angle": 0, "axis": "y", "origin": [13, 0, 7]},
			"faces": {
				"north": {"uv": [7.5, 3, 9, 4], "texture": "#3"},
				"east": {"uv": [7.5, 4, 9, 5], "texture": "#3"},
				"south": {"uv": [7.5, 5, 9, 6], "texture": "#3"},
				"west": {"uv": [6, 7.5, 7.5, 8.5], "texture": "#3"},
				"up": {"uv": [4.5, 4.5, 3, 3], "texture": "#3"},
				"down": {"uv": [1.5, 4.5, 0, 6], "texture": "#3"}
			}
		},
		{
			"from": [8, 0, 0],
			"to": [11, 2, 3],
			"rotation": {"angle": 0, "axis": "y", "origin": [8, 0, 0]},
			"faces": {
				"north": {"uv": [7.5, 6, 9, 7], "texture": "#3"},
				"east": {"uv": [7.5, 7, 9, 8], "texture": "#3"},
				"south": {"uv": [1.5, 8, 3, 9], "texture": "#3"},
				"west": {"uv": [3, 8, 4.5, 9], "texture": "#3"},
				"up": {"uv": [6, 1.5, 4.5, 0], "texture": "#3"},
				"down": {"uv": [3, 4.5, 1.5, 6], "texture": "#3"}
			}
		},
		{
			"from": [11, 0, 10],
			"to": [14, 2, 13],
			"rotation": {"angle": -45, "axis": "y", "origin": [11, 0, 13]},
			"faces": {
				"north": {"uv": [4.5, 8, 6, 9], "texture": "#3"},
				"east": {"uv": [7.5, 8, 9, 9], "texture": "#3"},
				"south": {"uv": [0, 8.5, 1.5, 9.5], "texture": "#3"},
				"west": {"uv": [6, 8.5, 7.5, 9.5], "texture": "#3"},
				"up": {"uv": [6, 3, 4.5, 1.5], "texture": "#3"},
				"down": {"uv": [4.5, 4.5, 3, 6], "texture": "#3"}
			}
		},
		{
			"from": [11, 0, 4],
			"to": [14, 2, 7],
			"rotation": {"angle": 45, "axis": "y", "origin": [11, 0, 4]},
			"faces": {
				"north": {"uv": [9, 0, 10.5, 1], "texture": "#3"},
				"east": {"uv": [9, 1, 10.5, 2], "texture": "#3"},
				"south": {"uv": [1.5, 9, 3, 10], "texture": "#3"},
				"west": {"uv": [9, 2, 10.5, 3], "texture": "#3"},
				"up": {"uv": [6, 4.5, 4.5, 3], "texture": "#3"},
				"down": {"uv": [6, 4.5, 4.5, 6], "texture": "#3"}
			}
		},
		{
			"from": [7, 0, 13],
			"to": [10, 2, 16],
			"rotation": {"angle": 0, "axis": "y", "origin": [7, 0, 13]},
			"faces": {
				"north": {"uv": [3, 9, 4.5, 10], "texture": "#3"},
				"east": {"uv": [9, 3, 10.5, 4], "texture": "#3"},
				"south": {"uv": [9, 4, 10.5, 5], "texture": "#3"},
				"west": {"uv": [4.5, 9, 6, 10], "texture": "#3"},
				"up": {"uv": [1.5, 7.5, 0, 6], "texture": "#3"},
				"down": {"uv": [7.5, 0, 6, 1.5], "texture": "#3"}
			}
		},
		{
			"from": [6, 1, 10],
			"to": [14, 12, 10],
			"rotation": {"angle": 45, "axis": "y", "origin": [6, 1, 10]},
			"faces": {
				"north": {"uv": [0, 0, 8, 11], "texture": "#0"},
				"east": {"uv": [0, 0, 0, 5.5], "texture": "#missing"},
				"south": {"uv": [0, 0, 8, 11], "texture": "#0"},
				"west": {"uv": [0, 0, 0, 5.5], "texture": "#missing"},
				"up": {"uv": [0, 0, 4, 0], "texture": "#missing"},
				"down": {"uv": [0, 0, 4, 0], "texture": "#missing"}
			}
		},
		{
			"from": [6, 1, 5],
			"to": [14, 12, 5],
			"rotation": {"angle": -45, "axis": "y", "origin": [6, 1, 5]},
			"faces": {
				"north": {"uv": [0, 0, 8, 11], "texture": "#0"},
				"east": {"uv": [0, 0, 0, 5.5], "texture": "#missing"},
				"south": {"uv": [0, 0, 8, 11], "texture": "#0"},
				"west": {"uv": [0, 0, 0, 5.5], "texture": "#missing"},
				"up": {"uv": [0, 0, 4, 0], "texture": "#missing"},
				"down": {"uv": [0, 0, 4, 0], "texture": "#missing"}
			}
		}
	],
	"display": {
		"firstperson_righthand": {
			"rotation": [12, 0, 17],
			"translation": [3.25, 3.25, -6]
		},
		"firstperson_lefthand": {
			"rotation": [0, 0, 12],
			"translation": [2.25, 5.75, 0.25]
		},
		"gui": {
			"rotation": [48, 54, -20],
			"translation": [1.5, 2.5, 0],
			"scale": [0.8, 0.8, 0.8]
		},
		"head": {
			"scale": [1.6, 1.6, 1.63]
		}
	},
	"groups": [
		{
			"name": "group",
			"origin": [11, -1, 11],
			"color": 0,
			"children": [0, 1, 2, 3]
		},
		{
			"name": "group",
			"origin": [7, 0, 13],
			"color": 0,
			"children": [4, 5, 6, 7, 8, 9, 10, 11, 12]
		},
		{
			"name": "group",
			"origin": [6, 1, 5],
			"color": 0,
			"children": [13, 14]
		}
	]
}