{
	"credit": "Made with Blockbench",
	"texture_size": [128, 128],
	"textures": {
		"0": "item/custom/bench",
		"particle": "item/custom/bench"
	},
	"elements": [
		{
			"from": [14, 0, 14],
			"to": [16, 18, 16],
			"rotation": {"angle": 0, "axis": "y", "origin": [14, 0, 14]},
			"faces": {
				"north": {"uv": [0, 5.625, 0.25, 7.875], "texture": "#0"},
				"east": {"uv": [0.25, 5.625, 0.5, 7.875], "texture": "#0"},
				"south": {"uv": [0.5, 5.625, 0.75, 7.875], "texture": "#0"},
				"west": {"uv": [0.75, 5.625, 1, 7.875], "texture": "#0"},
				"up": {"uv": [6.25, 5.125, 6, 4.875], "texture": "#0"},
				"down": {"uv": [6.25, 5.125, 6, 5.375], "texture": "#0"}
			}
		},
		{
			"from": [14, 0, 0.5],
			"to": [16, 10, 2.5],
			"rotation": {"angle": 0, "axis": "y", "origin": [14, 0, 1]},
			"faces": {
				"north": {"uv": [6, 5.875, 6.25, 7.125], "texture": "#0"},
				"east": {"uv": [3, 6.125, 3.25, 7.375], "texture": "#0"},
				"south": {"uv": [3.25, 6.125, 3.5, 7.375], "texture": "#0"},
				"west": {"uv": [3.5, 6.125, 3.75, 7.375], "texture": "#0"},
				"up": {"uv": [6.25, 5.625, 6, 5.375], "texture": "#0"},
				"down": {"uv": [3, 7.75, 2.75, 8], "texture": "#0"}
			}
		},
		{
			"from": [14, 10, -1],
			"to": [16, 12, 14],
			"rotation": {"angle": 0, "axis": "y", "origin": [14, 10, -1]},
			"faces": {
				"north": {"uv": [7.75, 4.875, 8, 5.125], "texture": "#0"},
				"east": {"uv": [5.5, 4.375, 7.375, 4.625], "texture": "#0"},
				"south": {"uv": [7.75, 5.125, 8, 5.375], "texture": "#0"},
				"west": {"uv": [5.5, 4.625, 7.375, 4.875], "texture": "#0"},
				"up": {"uv": [2.25, 7.5, 2, 5.625], "texture": "#0"},
				"down": {"uv": [2.5, 5.625, 2.25, 7.5], "texture": "#0"}
			}
		},
		{
			"from": [14.5, 1.5, 2],
			"to": [15, 3.5, 14],
			"rotation": {"angle": 0, "axis": "y", "origin": [14, 1, 2]},
			"faces": {
				"north": {"uv": [7.375, 4.375, 7.5, 4.625], "texture": "#0"},
				"east": {"uv": [3, 5.875, 4.5, 6.125], "texture": "#0"},
				"south": {"uv": [7.375, 4.625, 7.5, 4.875], "texture": "#0"},
				"west": {"uv": [4.5, 5.875, 6, 6.125], "texture": "#0"},
				"up": {"uv": [7.375, 7.375, 7.25, 5.875], "texture": "#0"},
				"down": {"uv": [3.125, 7.375, 3, 8.875], "texture": "#0"}
			}
		},
		{
			"from": [14.5, 5.5, 2],
			"to": [15, 7.5, 14],
			"rotation": {"angle": 0, "axis": "y", "origin": [14, 5, 2]},
			"faces": {
				"north": {"uv": [7.875, 0.25, 8, 0.5], "texture": "#0"},
				"east": {"uv": [6, 0, 7.5, 0.25], "texture": "#0"},
				"south": {"uv": [0.375, 7.875, 0.5, 8.125], "texture": "#0"},
				"west": {"uv": [6, 0.25, 7.5, 0.5], "texture": "#0"},
				"up": {"uv": [3.25, 8.875, 3.125, 7.375], "texture": "#0"},
				"down": {"uv": [3.375, 7.375, 3.25, 8.875], "texture": "#0"}
			}
		},
		{
			"from": [-16, 0, 14],
			"to": [-14, 18, 16],
			"rotation": {"angle": 0, "axis": "y", "origin": [-16, 0, 14]},
			"faces": {
				"north": {"uv": [1, 5.625, 1.25, 7.875], "texture": "#0"},
				"east": {"uv": [1.25, 5.625, 1.5, 7.875], "texture": "#0"},
				"south": {"uv": [1.5, 5.625, 1.75, 7.875], "texture": "#0"},
				"west": {"uv": [1.75, 5.625, 2, 7.875], "texture": "#0"},
				"up": {"uv": [8, 5.625, 7.75, 5.375], "texture": "#0"},
				"down": {"uv": [8, 5.625, 7.75, 5.875], "texture": "#0"}
			}
		},
		{
			"from": [-16, 0, 0.5],
			"to": [-14, 10, 2.5],
			"rotation": {"angle": 0, "axis": "y", "origin": [-16, 0, 1]},
			"faces": {
				"north": {"uv": [3.75, 6.125, 4, 7.375], "texture": "#0"},
				"east": {"uv": [4, 6.125, 4.25, 7.375], "texture": "#0"},
				"south": {"uv": [4.25, 6.125, 4.5, 7.375], "texture": "#0"},
				"west": {"uv": [4.5, 6.125, 4.75, 7.375], "texture": "#0"},
				"up": {"uv": [8, 6.125, 7.75, 5.875], "texture": "#0"},
				"down": {"uv": [8, 6.125, 7.75, 6.375], "texture": "#0"}
			}
		},
		{
			"from": [-16, 10, -1],
			"to": [-14, 12, 14],
			"rotation": {"angle": 0, "axis": "y", "origin": [-16, 10, -1]},
			"faces": {
				"north": {"uv": [7.75, 6.375, 8, 6.625], "texture": "#0"},
				"east": {"uv": [2.5, 5.625, 4.375, 5.875], "texture": "#0"},
				"south": {"uv": [7.75, 6.625, 8, 6.875], "texture": "#0"},
				"west": {"uv": [4.375, 5.625, 6.25, 5.875], "texture": "#0"},
				"up": {"uv": [2.75, 7.75, 2.5, 5.875], "texture": "#0"},
				"down": {"uv": [3, 5.875, 2.75, 7.75], "texture": "#0"}
			}
		},
		{
			"from": [-15.5, 1.5, 2],
			"to": [-15, 3.5, 14],
			"rotation": {"angle": 0, "axis": "y", "origin": [-16, 1, 2]},
			"faces": {
				"north": {"uv": [0.5, 7.875, 0.625, 8.125], "texture": "#0"},
				"east": {"uv": [6, 0.5, 7.5, 0.75], "texture": "#0"},
				"south": {"uv": [7.875, 0.5, 8, 0.75], "texture": "#0"},
				"west": {"uv": [6, 0.75, 7.5, 1], "texture": "#0"},
				"up": {"uv": [3.5, 8.875, 3.375, 7.375], "texture": "#0"},
				"down": {"uv": [3.625, 7.375, 3.5, 8.875], "texture": "#0"}
			}
		},
		{
			"from": [-15.5, 5.5, 2],
			"to": [-15, 7.5, 14],
			"rotation": {"angle": 0, "axis": "y", "origin": [-16, 5, 2]},
			"faces": {
				"north": {"uv": [0.625, 7.875, 0.75, 8.125], "texture": "#0"},
				"east": {"uv": [6, 1, 7.5, 1.25], "texture": "#0"},
				"south": {"uv": [0.75, 7.875, 0.875, 8.125], "texture": "#0"},
				"west": {"uv": [6, 1.25, 7.5, 1.5], "texture": "#0"},
				"up": {"uv": [3.75, 8.875, 3.625, 7.375], "texture": "#0"},
				"down": {"uv": [3.875, 7.375, 3.75, 8.875], "texture": "#0"}
			}
		},
		{
			"from": [-14, 15.5, 14.25],
			"to": [14, 17.5, 15.75],
			"rotation": {"angle": 0, "axis": "y", "origin": [-14, 16, 14]},
			"faces": {
				"north": {"uv": [2, 2.5, 5.5, 2.75], "texture": "#0"},
				"east": {"uv": [7.75, 6.875, 8, 7.125], "texture": "#0"},
				"south": {"uv": [2, 2.75, 5.5, 3], "texture": "#0"},
				"west": {"uv": [7.75, 7.125, 8, 7.375], "texture": "#0"},
				"up": {"uv": [5.5, 3.25, 2, 3], "texture": "#0"},
				"down": {"uv": [5.5, 3.25, 2, 3.5], "texture": "#0"}
			}
		},
		{
			"from": [-14, 6, 14.25],
			"to": [14, 8, 15.75],
			"rotation": {"angle": 0, "axis": "y", "origin": [-14, 6, 14]},
			"faces": {
				"north": {"uv": [2, 3.5, 5.5, 3.75], "texture": "#0"},
				"east": {"uv": [7.75, 7.375, 8, 7.625], "texture": "#0"},
				"south": {"uv": [2, 3.75, 5.5, 4], "texture": "#0"},
				"west": {"uv": [7.75, 7.625, 8, 7.875], "texture": "#0"},
				"up": {"uv": [5.5, 4.25, 2, 4], "texture": "#0"},
				"down": {"uv": [5.5, 4.25, 2, 4.5], "texture": "#0"}
			}
		},
		{
			"from": [-14, 5.5, 1],
			"to": [14, 7.5, 2],
			"rotation": {"angle": 0, "axis": "y", "origin": [-14, 6, 0]},
			"faces": {
				"north": {"uv": [2, 4.5, 5.5, 4.75], "texture": "#0"},
				"east": {"uv": [1.125, 7.875, 1.25, 8.125], "texture": "#0"},
				"south": {"uv": [2, 4.75, 5.5, 5], "texture": "#0"},
				"west": {"uv": [1.25, 7.875, 1.375, 8.125], "texture": "#0"},
				"up": {"uv": [11, 3.75, 7.5, 3.625], "texture": "#0"},
				"down": {"uv": [11, 3.75, 7.5, 3.875], "texture": "#0"}
			}
		},
		{
			"from": [-16, 7.5, 4],
			"to": [16, 8, 6],
			"rotation": {"angle": 0, "axis": "y", "origin": [-16, 7, 4]},
			"faces": {
				"north": {"uv": [2, 5, 6, 5.25], "texture": "#0"},
				"east": {"uv": [7.875, 1.25, 8.125, 1.375], "texture": "#0"},
				"south": {"uv": [2, 5.125, 6, 5.25], "texture": "#0"},
				"west": {"uv": [1.375, 7.875, 1.625, 8], "texture": "#0"},
				"up": {"uv": [6, 0.25, 2, 0], "texture": "#0"},
				"down": {"uv": [6, 0.25, 2, 0.5], "texture": "#0"}
			}
		},
		{
			"from": [-16, 7.5, 6.5],
			"to": [16, 8, 8.5],
			"rotation": {"angle": 0, "axis": "y", "origin": [-16, 7, 6]},
			"faces": {
				"north": {"uv": [2, 5.25, 6, 5.5], "texture": "#0"},
				"east": {"uv": [7.875, 1.375, 8.125, 1.5], "texture": "#0"},
				"south": {"uv": [2, 5.375, 6, 5.5], "texture": "#0"},
				"west": {"uv": [7.875, 1.5, 8.125, 1.625], "texture": "#0"},
				"up": {"uv": [6, 0.75, 2, 0.5], "texture": "#0"},
				"down": {"uv": [6, 0.75, 2, 1], "texture": "#0"}
			}
		},
		{
			"from": [-16, 7.5, 9],
			"to": [16, 8, 11],
			"rotation": {"angle": 0, "axis": "y", "origin": [-16, 7, 8]},
			"faces": {
				"north": {"uv": [2, 5.5, 6, 5.75], "texture": "#0"},
				"east": {"uv": [1.625, 7.875, 1.875, 8], "texture": "#0"},
				"south": {"uv": [7.5, 2.5, 11.5, 2.625], "texture": "#0"},
				"west": {"uv": [7.875, 1.625, 8.125, 1.75], "texture": "#0"},
				"up": {"uv": [6, 1.25, 2, 1], "texture": "#0"},
				"down": {"uv": [6, 1.25, 2, 1.5], "texture": "#0"}
			}
		},
		{
			"from": [-16, 7.5, 11.5],
			"to": [16, 8, 13.5],
			"rotation": {"angle": 0, "axis": "y", "origin": [-16, 7, 10]},
			"faces": {
				"north": {"uv": [7.5, 2.625, 11.5, 2.875], "texture": "#0"},
				"east": {"uv": [7.875, 1.75, 8.125, 1.875], "texture": "#0"},
				"south": {"uv": [7.5, 2.75, 11.5, 2.875], "texture": "#0"},
				"west": {"uv": [7.875, 1.875, 8.125, 2], "texture": "#0"},
				"up": {"uv": [6, 1.75, 2, 1.5], "texture": "#0"},
				"down": {"uv": [6, 1.75, 2, 2], "texture": "#0"}
			}
		},
		{
			"from": [-16, 7.5, 2.5],
			"to": [16, 8, 3.5],
			"rotation": {"angle": 0, "axis": "y", "origin": [-16, 7, 1]},
			"faces": {
				"north": {"uv": [7.5, 2.875, 11.5, 3.125], "texture": "#0"},
				"east": {"uv": [5.875, 4.875, 6, 5], "texture": "#0"},
				"south": {"uv": [7.5, 3, 11.5, 3.125], "texture": "#0"},
				"west": {"uv": [1.875, 7.875, 2, 8], "texture": "#0"},
				"up": {"uv": [11.5, 3.25, 7.5, 3.125], "texture": "#0"},
				"down": {"uv": [11.5, 3.25, 7.5, 3.375], "texture": "#0"}
			}
		},
		{
			"from": [-14, 7.5, 1.5],
			"to": [14, 8, 2.5],
			"rotation": {"angle": 0, "axis": "y", "origin": [-14, 7, 0]},
			"faces": {
				"north": {"uv": [7.5, 3.875, 11, 4.125], "texture": "#0"},
				"east": {"uv": [7.375, 7.875, 7.5, 8], "texture": "#0"},
				"south": {"uv": [7.5, 4, 11, 4.125], "texture": "#0"},
				"west": {"uv": [0.25, 8, 0.375, 8.125], "texture": "#0"},
				"up": {"uv": [11, 4.25, 7.5, 4.125], "texture": "#0"},
				"down": {"uv": [11, 4.25, 7.5, 4.375], "texture": "#0"}
			}
		},
		{
			"from": [-16, 7, -0.5],
			"to": [16, 7.5, 1.5],
			"rotation": {"angle": -22.5, "axis": "x", "origin": [-16, 6, 0]},
			"faces": {
				"north": {"uv": [7.5, 3.375, 11.5, 3.625], "texture": "#0"},
				"east": {"uv": [7.875, 2, 8.125, 2.125], "texture": "#0"},
				"south": {"uv": [7.5, 3.5, 11.5, 3.625], "texture": "#0"},
				"west": {"uv": [7.875, 2.125, 8.125, 2.25], "texture": "#0"},
				"up": {"uv": [6, 2.25, 2, 2], "texture": "#0"},
				"down": {"uv": [6, 2.25, 2, 2.5], "texture": "#0"}
			}
		},
		{
			"from": [-10, 8, 14.75],
			"to": [-8, 15.5, 15.25],
			"rotation": {"angle": 0, "axis": "y", "origin": [-12, 8, 15]},
			"faces": {
				"north": {"uv": [5, 6.125, 5.25, 7.125], "texture": "#0"},
				"east": {"uv": [4.125, 7.375, 4.25, 8.375], "texture": "#0"},
				"south": {"uv": [5.25, 6.125, 5.5, 7.125], "texture": "#0"},
				"west": {"uv": [4.25, 7.375, 4.375, 8.375], "texture": "#0"},
				"up": {"uv": [6.5, 8, 6.25, 7.875], "texture": "#0"},
				"down": {"uv": [6.75, 7.875, 6.5, 8], "texture": "#0"}
			}
		},
		{
			"from": [-7, 8, 14.75],
			"to": [-5, 15.5, 15.25],
			"rotation": {"angle": 0, "axis": "y", "origin": [-15, 8, 15]},
			"faces": {
				"north": {"uv": [6.25, 1.5, 6.5, 2.5], "texture": "#0"},
				"east": {"uv": [4.625, 7.375, 4.75, 8.375], "texture": "#0"},
				"south": {"uv": [6.25, 4.875, 6.5, 5.875], "texture": "#0"},
				"west": {"uv": [7.375, 5.875, 7.5, 6.875], "texture": "#0"},
				"up": {"uv": [8, 8, 7.75, 7.875], "texture": "#0"},
				"down": {"uv": [0.25, 8, 0, 8.125], "texture": "#0"}
			}
		},
		{
			"from": [-4, 8, 14.75],
			"to": [-2, 15.5, 15.25],
			"rotation": {"angle": 0, "axis": "y", "origin": [-9, 8, 15]},
			"faces": {
				"north": {"uv": [6.5, 4.875, 6.75, 5.875], "texture": "#0"},
				"east": {"uv": [7.5, 0, 7.625, 1], "texture": "#0"},
				"south": {"uv": [6.5, 5.875, 6.75, 6.875], "texture": "#0"},
				"west": {"uv": [7.5, 1, 7.625, 2], "texture": "#0"},
				"up": {"uv": [8.25, 0.625, 8, 0.5], "texture": "#0"},
				"down": {"uv": [8.25, 0.625, 8, 0.75], "texture": "#0"}
			}
		},
		{
			"from": [5, 8, 14.75],
			"to": [7, 15.5, 15.25],
			"rotation": {"angle": 0, "axis": "y", "origin": [5, 8, 15]},
			"faces": {
				"north": {"uv": [6.75, 1.5, 7, 2.5], "texture": "#0"},
				"east": {"uv": [2, 7.5, 2.125, 8.5], "texture": "#0"},
				"south": {"uv": [6.75, 4.875, 7, 5.875], "texture": "#0"},
				"west": {"uv": [2.125, 7.5, 2.25, 8.5], "texture": "#0"},
				"up": {"uv": [8.25, 0.875, 8, 0.75], "texture": "#0"},
				"down": {"uv": [8.25, 0.875, 8, 1], "texture": "#0"}
			}
		},
		{
			"from": [11, 8, 14.75],
			"to": [13, 15.5, 15.25],
			"rotation": {"angle": 0, "axis": "y", "origin": [7, 8, 15]},
			"faces": {
				"north": {"uv": [6.75, 5.875, 7, 6.875], "texture": "#0"},
				"east": {"uv": [2.25, 7.5, 2.375, 8.5], "texture": "#0"},
				"south": {"uv": [6.25, 6.875, 6.5, 7.875], "texture": "#0"},
				"west": {"uv": [2.375, 7.5, 2.5, 8.5], "texture": "#0"},
				"up": {"uv": [8.25, 1.125, 8, 1], "texture": "#0"},
				"down": {"uv": [8.25, 1.125, 8, 1.25], "texture": "#0"}
			}
		},
		{
			"from": [-1, 8, 14.75],
			"to": [1, 15.5, 15.25],
			"rotation": {"angle": 0, "axis": "y", "origin": [-1, 8, 15]},
			"faces": {
				"north": {"uv": [6.5, 6.875, 6.75, 7.875], "texture": "#0"},
				"east": {"uv": [7.5, 4.375, 7.625, 5.375], "texture": "#0"},
				"south": {"uv": [6.75, 6.875, 7, 7.875], "texture": "#0"},
				"west": {"uv": [7.5, 5.375, 7.625, 6.375], "texture": "#0"},
				"up": {"uv": [1.625, 8.125, 1.375, 8], "texture": "#0"},
				"down": {"uv": [1.875, 8, 1.625, 8.125], "texture": "#0"}
			}
		},
		{
			"from": [2, 8, 14.75],
			"to": [4, 15.5, 15.25],
			"rotation": {"angle": 0, "axis": "y", "origin": [-1, 8, 15]},
			"faces": {
				"north": {"uv": [7, 1.5, 7.25, 2.5], "texture": "#0"},
				"east": {"uv": [7.5, 6.375, 7.625, 7.375], "texture": "#0"},
				"south": {"uv": [7, 4.875, 7.25, 5.875], "texture": "#0"},
				"west": {"uv": [7.5, 7.375, 7.625, 8.375], "texture": "#0"},
				"up": {"uv": [3, 8.125, 2.75, 8], "texture": "#0"},
				"down": {"uv": [8.25, 4.875, 8, 5], "texture": "#0"}
			}
		},
		{
			"from": [-13, 8, 14.75],
			"to": [-11, 15.5, 15.25],
			"rotation": {"angle": 0, "axis": "y", "origin": [-15, 8, 15]},
			"faces": {
				"north": {"uv": [5, 6.125, 5.25, 7.125], "texture": "#0"},
				"east": {"uv": [4.125, 7.375, 4.25, 8.375], "texture": "#0"},
				"south": {"uv": [5.25, 6.125, 5.5, 7.125], "texture": "#0"},
				"west": {"uv": [4.25, 7.375, 4.375, 8.375], "texture": "#0"},
				"up": {"uv": [6.5, 8, 6.25, 7.875], "texture": "#0"},
				"down": {"uv": [6.75, 7.875, 6.5, 8], "texture": "#0"}
			}
		},
		{
			"from": [8, 8, 14.75],
			"to": [10, 15.5, 15.25],
			"rotation": {"angle": 0, "axis": "y", "origin": [8, 8, 15]},
			"faces": {
				"north": {"uv": [6.75, 1.5, 7, 2.5], "texture": "#0"},
				"east": {"uv": [2, 7.5, 2.125, 8.5], "texture": "#0"},
				"south": {"uv": [6.75, 4.875, 7, 5.875], "texture": "#0"},
				"west": {"uv": [2.125, 7.5, 2.25, 8.5], "texture": "#0"},
				"up": {"uv": [8.25, 0.875, 8, 0.75], "texture": "#0"},
				"down": {"uv": [8.25, 0.875, 8, 1], "texture": "#0"}
			}
		},
		{
			"from": [12, 5.2, 1.25],
			"to": [15, 7.2, 1.75],
			"rotation": {"angle": -22.5, "axis": "z", "origin": [12.5, 7, 0]},
			"faces": {
				"north": {"uv": [7.5, 2, 7.875, 2.25], "texture": "#0"},
				"east": {"uv": [7.875, 0.75, 8, 1], "texture": "#0"},
				"south": {"uv": [7.5, 2.25, 7.875, 2.5], "texture": "#0"},
				"west": {"uv": [0.875, 7.875, 1, 8.125], "texture": "#0"},
				"up": {"uv": [5.875, 5, 5.5, 4.875], "texture": "#0"},
				"down": {"uv": [0.375, 7.875, 0, 8], "texture": "#0"}
			}
		},
		{
			"from": [-14.75, 4.2, 1.25],
			"to": [-11.75, 6.2, 1.75],
			"rotation": {"angle": 22.5, "axis": "z", "origin": [-14.75, 6, 0]},
			"faces": {
				"north": {"uv": [7.75, 4.375, 8.125, 4.625], "texture": "#0"},
				"east": {"uv": [1, 7.875, 1.125, 8.125], "texture": "#0"},
				"south": {"uv": [7.75, 4.625, 8.125, 4.875], "texture": "#0"},
				"west": {"uv": [7.875, 1, 8, 1.25], "texture": "#0"},
				"up": {"uv": [8.25, 0.125, 7.875, 0], "texture": "#0"},
				"down": {"uv": [8.25, 0.125, 7.875, 0.25], "texture": "#0"}
			}
		}
	],
	"gui_light": "front",
	"display": {
		"thirdperson_righthand": {
			"scale": [0.4, 0.4, 0.4]
		},
		"thirdperson_lefthand": {
			"scale": [0.4, 0.4, 0.4]
		},
		"firstperson_righthand": {
			"rotation": [4, 101, -1],
			"translation": [2.25, 1.75, 0],
			"scale": [0.4, 0.4, 0.4]
		},
		"firstperson_lefthand": {
			"rotation": [4, 101, -1],
			"translation": [2.25, 1.75, 0],
			"scale": [0.4, 0.4, 0.4]
		},
		"gui": {
			"rotation": [-20, -35, -1],
			"translation": [2.75, 0, 0],
			"scale": [0.4, 0.4, 0.4]
		},
		"head": {
			"scale": [1.6, 1.6, 1.6]
		}
	},
	"groups": [
		{
			"name": "group",
			"origin": [30, 0, 1],
			"color": 0,
			"children": [0, 1, 2, 3, 4]
		},
		{
			"name": "group",
			"origin": [30, 0, 1],
			"color": 0,
			"children": [5, 6, 7, 8, 9]
		},
		{
			"name": "group",
			"origin": [-14, 6, 0],
			"color": 0,
			"children": [10, 11, 12]
		},
		{
			"name": "group",
			"origin": [-16, 6, 0],
			"color": 0,
			"children": [13, 14, 15, 16, 17, 18, 19]
		},
		{
			"name": "group",
			"origin": [25, 8, 15],
			"color": 0,
			"children": [20, 21, 22, 23, 24, 25, 26, 27, 28]
		},
		29,
		30
	]
}