{
	"credit": "Made with Blockbench",
	"texture_size": [128, 128],
	"textures": {
		"0": "item/custom/car_glass",
		"1": "item/custom/car_tiers",
		"3": "block/gray_stained_glass",
		"4": "block/light_gray_stained_glass",
		"5": "item/custom/car_tiers_2",
		"6": "item/custom/car_body",
		"particle": "item/custom/car_glass"
	},
	"elements": [
		{
			"from": [-7, 15, -3.25],
			"to": [23, 16, -2.25],
			"rotation": {"angle": 0, "axis": "y", "origin": [-7, 15, -3.25]},
			"faces": {
				"north": {"uv": [2.5, 3.75, 6.25, 3.875], "texture": "#4"},
				"east": {"uv": [4.875, 6.375, 5, 6.5], "texture": "#0"},
				"south": {"uv": [2.5, 3.875, 6.25, 4], "texture": "#4"},
				"west": {"uv": [5, 6.375, 5.125, 6.5], "texture": "#0"},
				"up": {"uv": [6.25, 4.125, 2.5, 4], "texture": "#4"},
				"down": {"uv": [6.25, 4.125, 2.5, 4.25], "texture": "#0"}
			}
		},
		{
			"from": [-7, 16, -2.75],
			"to": [23, 17, -1.75],
			"rotation": {"angle": 0, "axis": "y", "origin": [-7, 16, -2.75]},
			"faces": {
				"north": {"uv": [2.5, 4.25, 6.25, 4.375], "texture": "#4"},
				"east": {"uv": [5.125, 6.375, 5.25, 6.5], "texture": "#0"},
				"south": {"uv": [2.5, 4.375, 6.25, 4.5], "texture": "#4"},
				"west": {"uv": [5.25, 6.375, 5.375, 6.5], "texture": "#0"},
				"up": {"uv": [6.25, 4.625, 2.5, 4.5], "texture": "#4"},
				"down": {"uv": [6.25, 4.625, 2.5, 4.75], "texture": "#0"}
			}
		},
		{
			"from": [-7, 17, -2.25],
			"to": [23, 18, -1.25],
			"rotation": {"angle": 0, "axis": "y", "origin": [-7, 17, -2.25]},
			"faces": {
				"north": {"uv": [4.75, 0, 8.5, 0.125], "texture": "#4"},
				"east": {"uv": [5.375, 6.375, 5.5, 6.5], "texture": "#0"},
				"south": {"uv": [4.75, 0.125, 8.5, 0.25], "texture": "#4"},
				"west": {"uv": [5.5, 6.375, 5.625, 6.5], "texture": "#0"},
				"up": {"uv": [8.5, 0.375, 4.75, 0.25], "texture": "#4"},
				"down": {"uv": [8.5, 0.375, 4.75, 0.5], "texture": "#0"}
			}
		},
		{
			"from": [-7, 18, -1.75],
			"to": [23, 19, -0.75],
			"rotation": {"angle": 0, "axis": "y", "origin": [-7, 18, -1.75]},
			"faces": {
				"north": {"uv": [4.75, 0.5, 8.5, 0.625], "texture": "#4"},
				"east": {"uv": [5.625, 6.375, 5.75, 6.5], "texture": "#0"},
				"south": {"uv": [4.75, 0.625, 8.5, 0.75], "texture": "#4"},
				"west": {"uv": [5.75, 6.375, 5.875, 6.5], "texture": "#0"},
				"up": {"uv": [8.5, 0.875, 4.75, 0.75], "texture": "#4"},
				"down": {"uv": [8.5, 0.875, 4.75, 1], "texture": "#0"}
			}
		},
		{
			"from": [-7, 22, 0.25],
			"to": [23, 23, 1.25],
			"rotation": {"angle": 0, "axis": "y", "origin": [-7, 22, 0.25]},
			"faces": {
				"north": {"uv": [4.75, 1, 8.5, 1.125], "texture": "#4"},
				"east": {"uv": [5.875, 6.375, 6, 6.5], "texture": "#0"},
				"south": {"uv": [4.75, 1.125, 8.5, 1.25], "texture": "#4"},
				"west": {"uv": [6, 6.375, 6.125, 6.5], "texture": "#0"},
				"up": {"uv": [8.5, 1.375, 4.75, 1.25], "texture": "#4"},
				"down": {"uv": [8.5, 1.375, 4.75, 1.5], "texture": "#0"}
			}
		},
		{
			"from": [-7, 19, -1.25],
			"to": [23, 20, -0.25],
			"rotation": {"angle": 0, "axis": "y", "origin": [-7, 19, -1.25]},
			"faces": {
				"north": {"uv": [4.75, 1.5, 8.5, 1.625], "texture": "#4"},
				"east": {"uv": [6.125, 6.375, 6.25, 6.5], "texture": "#0"},
				"south": {"uv": [4.75, 1.625, 8.5, 1.75], "texture": "#4"},
				"west": {"uv": [6.25, 6.375, 6.375, 6.5], "texture": "#0"},
				"up": {"uv": [8.5, 1.875, 4.75, 1.75], "texture": "#4"},
				"down": {"uv": [8.5, 1.875, 4.75, 2], "texture": "#0"}
			}
		},
		{
			"from": [-7, 20, -0.75],
			"to": [23, 21, 0.25],
			"rotation": {"angle": 0, "axis": "y", "origin": [-7, 20, -0.75]},
			"faces": {
				"north": {"uv": [4.75, 2, 8.5, 2.125], "texture": "#4"},
				"east": {"uv": [6.375, 6.375, 6.5, 6.5], "texture": "#0"},
				"south": {"uv": [4.75, 2.125, 8.5, 2.25], "texture": "#4"},
				"west": {"uv": [4.875, 6.5, 5, 6.625], "texture": "#0"},
				"up": {"uv": [6.25, 4.875, 2.5, 4.75], "texture": "#4"},
				"down": {"uv": [3.75, 4.875, 0, 5], "texture": "#0"}
			}
		},
		{
			"from": [-7, 21, -0.25],
			"to": [23, 22, 0.75],
			"rotation": {"angle": 0, "axis": "y", "origin": [-7, 21, -0.25]},
			"faces": {
				"north": {"uv": [3.75, 4.875, 7.5, 5], "texture": "#4"},
				"east": {"uv": [5, 6.5, 5.125, 6.625], "texture": "#0"},
				"south": {"uv": [0, 5, 3.75, 5.125], "texture": "#4"},
				"west": {"uv": [5.125, 6.5, 5.25, 6.625], "texture": "#0"},
				"up": {"uv": [7.5, 5.125, 3.75, 5], "texture": "#4"},
				"down": {"uv": [3.75, 5.125, 0, 5.25], "texture": "#0"}
			}
		},
		{
			"from": [-7, 23, 0.75],
			"to": [23, 24, 1.75],
			"rotation": {"angle": 0, "axis": "y", "origin": [-7, 23, 0.75]},
			"faces": {
				"north": {"uv": [3.75, 5.125, 7.5, 5.25], "texture": "#4"},
				"east": {"uv": [5.25, 6.5, 5.375, 6.625], "texture": "#0"},
				"south": {"uv": [0, 5.25, 3.75, 5.375], "texture": "#4"},
				"west": {"uv": [5.375, 6.5, 5.5, 6.625], "texture": "#0"},
				"up": {"uv": [7.5, 5.375, 3.75, 5.25], "texture": "#4"},
				"down": {"uv": [3.75, 5.375, 0, 5.5], "texture": "#0"}
			}
		},
		{
			"from": [-7, 24, 1.25],
			"to": [23, 25, 2.25],
			"rotation": {"angle": 0, "axis": "y", "origin": [-7, 24, 1.25]},
			"faces": {
				"north": {"uv": [3.75, 5.375, 7.5, 5.5], "texture": "#4"},
				"east": {"uv": [5.5, 6.5, 5.625, 6.625], "texture": "#0"},
				"south": {"uv": [0, 5.5, 3.75, 5.625], "texture": "#4"},
				"west": {"uv": [5.625, 6.5, 5.75, 6.625], "texture": "#0"},
				"up": {"uv": [7.5, 5.625, 3.75, 5.5], "texture": "#4"},
				"down": {"uv": [3.75, 5.625, 0, 5.75], "texture": "#0"}
			}
		},
		{
			"from": [-7, 25, 1.75],
			"to": [23, 26, 2.75],
			"rotation": {"angle": 0, "axis": "y", "origin": [-7, 25, 1.75]},
			"faces": {
				"north": {"uv": [3.75, 5.625, 7.5, 5.75], "texture": "#4"},
				"east": {"uv": [5.75, 6.5, 5.875, 6.625], "texture": "#0"},
				"south": {"uv": [0, 5.75, 3.75, 5.875], "texture": "#4"},
				"west": {"uv": [5.875, 6.5, 6, 6.625], "texture": "#0"},
				"up": {"uv": [7.5, 5.875, 3.75, 5.75], "texture": "#4"},
				"down": {"uv": [3.75, 5.875, 0, 6], "texture": "#0"}
			}
		},
		{
			"from": [-7, 26, 2.25],
			"to": [23, 27, 3.25],
			"rotation": {"angle": 0, "axis": "y", "origin": [-7, 26, 2.25]},
			"faces": {
				"north": {"uv": [3.75, 5.875, 7.5, 6], "texture": "#4"},
				"east": {"uv": [6, 6.5, 6.125, 6.625], "texture": "#0"},
				"south": {"uv": [0, 6, 3.75, 6.125], "texture": "#4"},
				"west": {"uv": [6.125, 6.5, 6.25, 6.625], "texture": "#0"},
				"up": {"uv": [7.5, 6.125, 3.75, 6], "texture": "#4"},
				"down": {"uv": [3.75, 6.125, 0, 6.25], "texture": "#0"}
			}
		},
		{
			"from": [-7.5, 15, 1.75],
			"to": [-7, 24, 11.25],
			"rotation": {"angle": 0, "axis": "y", "origin": [-7.5, 15, 1.75]},
			"faces": {
				"north": {"uv": [2.625, 6.375, 2.75, 7.5], "texture": "#0"},
				"east": {"uv": [0, 0, 16, 16], "texture": "#4"},
				"south": {"uv": [2.75, 6.375, 2.875, 7.5], "texture": "#0"},
				"west": {"uv": [0, 0, 16, 16], "texture": "#4"},
				"up": {"uv": [2.25, 7.625, 2.125, 6.375], "texture": "#0"},
				"down": {"uv": [2.375, 6.375, 2.25, 7.625], "texture": "#0"}
			}
		},
		{
			"from": [-7.5, 24, 2.75],
			"to": [-7, 26, 11.25],
			"rotation": {"angle": 0, "axis": "y", "origin": [-7.5, 15, 1.75]},
			"faces": {
				"north": {"uv": [4.125, 6.375, 4.25, 6.625], "texture": "#0"},
				"east": {"uv": [6.25, 4.125, 7.375, 4.375], "texture": "#0"},
				"south": {"uv": [4.25, 6.375, 4.375, 6.625], "texture": "#0"},
				"west": {"uv": [6.25, 4.375, 7.375, 4.625], "texture": "#0", "tintindex": 0},
				"up": {"uv": [3, 7.5, 2.875, 6.375], "texture": "#0"},
				"down": {"uv": [3.125, 6.375, 3, 7.5], "texture": "#0"}
			}
		},
		{
			"from": [-7.5, 24, 2.25],
			"to": [-7, 25, 2.75],
			"rotation": {"angle": 0, "axis": "y", "origin": [-7.5, 15, 1.75]},
			"faces": {
				"north": {"uv": [6.25, 6.5, 6.375, 6.625], "texture": "#0"},
				"east": {"uv": [6.375, 6.5, 6.5, 6.625], "texture": "#0"},
				"south": {"uv": [6.5, 6.375, 6.625, 6.5], "texture": "#0"},
				"west": {"uv": [6.5, 6.5, 6.625, 6.625], "texture": "#0", "tintindex": 0},
				"up": {"uv": [0.125, 6.75, 0, 6.625], "texture": "#0"},
				"down": {"uv": [0.25, 6.625, 0.125, 6.75], "texture": "#0"}
			}
		},
		{
			"from": [23, 15, 1.75],
			"to": [23.5, 24, 11.25],
			"rotation": {"angle": 0, "axis": "y", "origin": [23, 15, 1.75]},
			"faces": {
				"north": {"uv": [3.125, 6.375, 3.25, 7.5], "texture": "#0"},
				"east": {"uv": [0, 0, 16, 16], "texture": "#4"},
				"south": {"uv": [3.25, 6.375, 3.375, 7.5], "texture": "#0"},
				"west": {"uv": [0, 0, 16, 16], "texture": "#4"},
				"up": {"uv": [2.5, 7.625, 2.375, 6.375], "texture": "#0"},
				"down": {"uv": [2.625, 6.375, 2.5, 7.625], "texture": "#0"}
			}
		},
		{
			"from": [23, 24, 2.75],
			"to": [23.5, 26, 11.25],
			"rotation": {"angle": 0, "axis": "y", "origin": [23, 15, 1.75]},
			"faces": {
				"north": {"uv": [4.375, 6.375, 4.5, 6.625], "texture": "#0"},
				"east": {"uv": [6.25, 4.625, 7.375, 4.875], "texture": "#0", "tintindex": 0},
				"south": {"uv": [4.5, 6.375, 4.625, 6.625], "texture": "#0"},
				"west": {"uv": [0, 6.375, 1.125, 6.625], "texture": "#0"},
				"up": {"uv": [3.5, 7.5, 3.375, 6.375], "texture": "#0"},
				"down": {"uv": [3.625, 6.375, 3.5, 7.5], "texture": "#0"}
			}
		},
		{
			"from": [23, 24, 2.25],
			"to": [23.5, 25, 2.75],
			"rotation": {"angle": 0, "axis": "y", "origin": [23, 15, 1.75]},
			"faces": {
				"north": {"uv": [0.25, 6.625, 0.375, 6.75], "texture": "#0"},
				"east": {"uv": [0.375, 6.625, 0.5, 6.75], "texture": "#0", "tintindex": 0},
				"south": {"uv": [0.5, 6.625, 0.625, 6.75], "texture": "#0"},
				"west": {"uv": [0.625, 6.625, 0.75, 6.75], "texture": "#0"},
				"up": {"uv": [0.875, 6.75, 0.75, 6.625], "texture": "#0"},
				"down": {"uv": [1, 6.625, 0.875, 6.75], "texture": "#0"}
			}
		},
		{
			"from": [-7.5, 15, 12.25],
			"to": [-7, 26, 26.25],
			"rotation": {"angle": 0, "axis": "y", "origin": [-7.5, 15, 12.25]},
			"faces": {
				"north": {"uv": [1.625, 6.375, 1.75, 7.75], "texture": "#0"},
				"east": {"uv": [0, 3, 16, 14.375], "texture": "#3"},
				"south": {"uv": [1.75, 6.375, 1.875, 7.75], "texture": "#0"},
				"west": {"uv": [0, 3, 16, 15], "texture": "#3"},
				"up": {"uv": [1.25, 8.125, 1.125, 6.375], "texture": "#0"},
				"down": {"uv": [1.375, 6.375, 1.25, 8.125], "texture": "#0"}
			}
		},
		{
			"from": [23, 15, 12.25],
			"to": [23.5, 26, 26.25],
			"rotation": {"angle": 0, "axis": "y", "origin": [23, 15, 12.25]},
			"faces": {
				"north": {"uv": [1.875, 6.375, 2, 7.75], "texture": "#0"},
				"east": {"uv": [0, 2, 16, 14], "texture": "#3"},
				"south": {"uv": [2, 6.375, 2.125, 7.75], "texture": "#0"},
				"west": {"uv": [0, 2.375, 16, 13], "texture": "#3"},
				"up": {"uv": [1.5, 8.125, 1.375, 6.375], "texture": "#0"},
				"down": {"uv": [1.625, 6.375, 1.5, 8.125], "texture": "#0"}
			}
		},
		{
			"from": [-5.5, 15, 29.75],
			"to": [21.5, 17, 30.75],
			"rotation": {"angle": 0, "axis": "y", "origin": [-4, 15, 29.75]},
			"faces": {
				"north": {"uv": [3.5, 2.25, 6.875, 2.5], "texture": "#3"},
				"east": {"uv": [4.625, 6.375, 4.75, 6.625], "texture": "#0"},
				"south": {"uv": [3.5, 2.5, 6.875, 2.75], "texture": "#3"},
				"west": {"uv": [4.75, 6.375, 4.875, 6.625], "texture": "#0"},
				"up": {"uv": [7.125, 6.25, 3.75, 6.125], "texture": "#3"},
				"down": {"uv": [3.375, 6.25, 0, 6.375], "texture": "#0"}
			}
		},
		{
			"from": [-5.5, 17, 29.25],
			"to": [21.5, 21, 30.25],
			"rotation": {"angle": 0, "axis": "y", "origin": [-4, 17, 29.25]},
			"faces": {
				"north": {"uv": [0, 2.75, 3.375, 3.25], "texture": "#3"},
				"east": {"uv": [3.625, 6.375, 3.75, 6.875], "texture": "#0"},
				"south": {"uv": [0, 3.25, 3.375, 3.75], "texture": "#3"},
				"west": {"uv": [3.75, 6.375, 3.875, 6.875], "texture": "#0"},
				"up": {"uv": [6.75, 6.375, 3.375, 6.25], "texture": "#3"},
				"down": {"uv": [9.625, 3.75, 6.25, 3.875], "texture": "#0"}
			}
		},
		{
			"from": [-5.5, 21, 28.75],
			"to": [21.5, 25, 29.75],
			"rotation": {"angle": 0, "axis": "y", "origin": [-4, 21, 28.75]},
			"faces": {
				"north": {"uv": [3.375, 2.75, 6.75, 3.25], "texture": "#3"},
				"east": {"uv": [3.875, 6.375, 4, 6.875], "texture": "#0"},
				"south": {"uv": [3.375, 3.25, 6.75, 3.75], "texture": "#3"},
				"west": {"uv": [4, 6.375, 4.125, 6.875], "texture": "#0"},
				"up": {"uv": [9.625, 4, 6.25, 3.875], "texture": "#3"},
				"down": {"uv": [9.625, 4, 6.25, 4.125], "texture": "#0"}
			}
		},
		{
			"from": [21, 0, -5],
			"to": [24, 1, -2],
			"rotation": {"angle": 0, "axis": "y", "origin": [21, 0, -5]},
			"faces": {
				"north": {"uv": [8.5, 5.75, 9.25, 6], "texture": "#1"},
				"east": {"uv": [8.5, 6, 9.25, 6.25], "texture": "#1"},
				"south": {"uv": [8.5, 6.25, 9.25, 6.5], "texture": "#1"},
				"west": {"uv": [8.5, 6.5, 9.25, 6.75], "texture": "#1"},
				"up": {"uv": [2.5, 7.75, 1.75, 7], "texture": "#1"},
				"down": {"uv": [3.25, 7, 2.5, 7.75], "texture": "#1"}
			}
		},
		{
			"from": [21, 1, -6],
			"to": [24, 4, -5],
			"rotation": {"angle": 0, "axis": "y", "origin": [21, 1, -10]},
			"faces": {
				"north": {"uv": [3.25, 7, 4, 7.75], "texture": "#1"},
				"east": {"uv": [8.5, 6.75, 8.75, 7.5], "texture": "#1"},
				"south": {"uv": [4, 7, 4.75, 7.75], "texture": "#1"},
				"west": {"uv": [5.25, 8.75, 5.5, 9.5], "texture": "#1"},
				"up": {"uv": [9.25, 7.75, 8.5, 7.5], "texture": "#1"},
				"down": {"uv": [9.25, 7.75, 8.5, 8], "texture": "#1"}
			}
		},
		{
			"from": [21, 4, -5],
			"to": [24, 5, -2],
			"rotation": {"angle": 0, "axis": "y", "origin": [21, 4, -5]},
			"faces": {
				"north": {"uv": [5.5, 8.75, 6.25, 9], "texture": "#1"},
				"east": {"uv": [6.25, 8.75, 7, 9], "texture": "#1"},
				"south": {"uv": [8.75, 6.75, 9.5, 7], "texture": "#1"},
				"west": {"uv": [7, 8.75, 7.75, 9], "texture": "#1"},
				"up": {"uv": [5.5, 7.75, 4.75, 7], "texture": "#1"},
				"down": {"uv": [6.25, 7.25, 5.5, 8], "texture": "#1"}
			}
		},
		{
			"from": [21, 1, -2],
			"to": [24, 4, -1],
			"rotation": {"angle": 0, "axis": "y", "origin": [21, 1, -6]},
			"faces": {
				"north": {"uv": [6.25, 7.25, 7, 8], "texture": "#1"},
				"east": {"uv": [7.75, 8.75, 8, 9.5], "texture": "#1"},
				"south": {"uv": [7, 7.25, 7.75, 8], "texture": "#1"},
				"west": {"uv": [8, 8.75, 8.25, 9.5], "texture": "#1"},
				"up": {"uv": [9.5, 7.25, 8.75, 7], "texture": "#1"},
				"down": {"uv": [9.5, 7.25, 8.75, 7.5], "texture": "#1"}
			}
		},
		{
			"from": [21, 0, 22],
			"to": [24, 1, 25],
			"rotation": {"angle": 0, "axis": "y", "origin": [21, 0, 22]},
			"faces": {
				"north": {"uv": [8.25, 8.75, 9, 9], "texture": "#1"},
				"east": {"uv": [5.5, 9, 6.25, 9.25], "texture": "#1"},
				"south": {"uv": [6.25, 9, 7, 9.25], "texture": "#1"},
				"west": {"uv": [7, 9, 7.75, 9.25], "texture": "#1"},
				"up": {"uv": [0.75, 8.5, 0, 7.75], "texture": "#1"},
				"down": {"uv": [1.5, 7.75, 0.75, 8.5], "texture": "#1"}
			}
		},
		{
			"from": [21, 1, 21],
			"to": [24, 4, 22],
			"rotation": {"angle": 0, "axis": "y", "origin": [21, 1, 17]},
			"faces": {
				"north": {"uv": [1.5, 7.75, 2.25, 8.5], "texture": "#1"},
				"east": {"uv": [9, 8, 9.25, 8.75], "texture": "#1"},
				"south": {"uv": [2.25, 7.75, 3, 8.5], "texture": "#1"},
				"west": {"uv": [8.25, 9, 8.5, 9.75], "texture": "#1"},
				"up": {"uv": [9.25, 9.25, 8.5, 9], "texture": "#1"},
				"down": {"uv": [9.75, 8.75, 9, 9], "texture": "#1"}
			}
		},
		{
			"from": [21, 4, 22],
			"to": [24, 5, 25],
			"rotation": {"angle": 0, "axis": "y", "origin": [21, 4, 22]},
			"faces": {
				"north": {"uv": [0, 9.25, 0.75, 9.5], "texture": "#1"},
				"east": {"uv": [0.75, 9.25, 1.5, 9.5], "texture": "#1"},
				"south": {"uv": [1.5, 9.25, 2.25, 9.5], "texture": "#1"},
				"west": {"uv": [2.25, 9.25, 3, 9.5], "texture": "#1"},
				"up": {"uv": [3.75, 8.5, 3, 7.75], "texture": "#1"},
				"down": {"uv": [4.5, 7.75, 3.75, 8.5], "texture": "#1"}
			}
		},
		{
			"from": [21, 1, 25],
			"to": [24, 4, 26],
			"rotation": {"angle": 0, "axis": "y", "origin": [21, 1, 21]},
			"faces": {
				"north": {"uv": [4.5, 7.75, 5.25, 8.5], "texture": "#1"},
				"east": {"uv": [3, 9.25, 3.25, 10], "texture": "#1"},
				"south": {"uv": [7.75, 5, 8.5, 5.75], "texture": "#1"},
				"west": {"uv": [3.25, 9.25, 3.5, 10], "texture": "#1"},
				"up": {"uv": [4.25, 9.5, 3.5, 9.25], "texture": "#1"},
				"down": {"uv": [5, 9.25, 4.25, 9.5], "texture": "#1"}
			}
		},
		{
			"from": [-8, 0, -5],
			"to": [-5, 1, -2],
			"rotation": {"angle": 0, "axis": "y", "origin": [-8, 0, -5]},
			"faces": {
				"north": {"uv": [9.25, 5, 10, 5.25], "texture": "#1"},
				"east": {"uv": [9.25, 5.25, 10, 5.5], "texture": "#1"},
				"south": {"uv": [5.5, 9.25, 6.25, 9.5], "texture": "#1"},
				"west": {"uv": [9.25, 5.5, 10, 5.75], "texture": "#1"},
				"up": {"uv": [8.5, 6.5, 7.75, 5.75], "texture": "#1"},
				"down": {"uv": [8.5, 6.5, 7.75, 7.25], "texture": "#1"}
			}
		},
		{
			"from": [-8, 1, -6],
			"to": [-5, 4, -5],
			"rotation": {"angle": 0, "axis": "y", "origin": [-8, 1, -10]},
			"faces": {
				"north": {"uv": [7.75, 7.25, 8.5, 8], "texture": "#1"},
				"east": {"uv": [5, 9.25, 5.25, 10], "texture": "#1"},
				"south": {"uv": [5.25, 8, 6, 8.75], "texture": "#1"},
				"west": {"uv": [9.25, 5.75, 9.5, 6.5], "texture": "#1"},
				"up": {"uv": [7, 9.5, 6.25, 9.25], "texture": "#1"},
				"down": {"uv": [10, 6.5, 9.25, 6.75], "texture": "#1"}
			}
		},
		{
			"from": [-8, 4, -5],
			"to": [-5, 5, -2],
			"rotation": {"angle": 0, "axis": "y", "origin": [-8, 4, -5]},
			"faces": {
				"north": {"uv": [7, 9.25, 7.75, 9.5], "texture": "#1"},
				"east": {"uv": [9.25, 7.5, 10, 7.75], "texture": "#1"},
				"south": {"uv": [9.25, 7.75, 10, 8], "texture": "#1"},
				"west": {"uv": [9.25, 8, 10, 8.25], "texture": "#1"},
				"up": {"uv": [6.75, 8.75, 6, 8], "texture": "#1"},
				"down": {"uv": [7.5, 8, 6.75, 8.75], "texture": "#1"}
			}
		},
		{
			"from": [-8, 1, -2],
			"to": [-5, 4, -1],
			"rotation": {"angle": 0, "axis": "y", "origin": [-8, 1, -6]},
			"faces": {
				"north": {"uv": [7.5, 8, 8.25, 8.75], "texture": "#1"},
				"east": {"uv": [8.5, 9.25, 8.75, 10], "texture": "#1"},
				"south": {"uv": [8.25, 8, 9, 8.75], "texture": "#1"},
				"west": {"uv": [8.75, 9.25, 9, 10], "texture": "#1"},
				"up": {"uv": [10, 8.5, 9.25, 8.25], "texture": "#1"},
				"down": {"uv": [10, 8.5, 9.25, 8.75], "texture": "#1"}
			}
		},
		{
			"from": [-8, 0, 22],
			"to": [-5, 1, 25],
			"rotation": {"angle": 0, "axis": "y", "origin": [-8, 0, 22]},
			"faces": {
				"north": {"uv": [9, 9.25, 9.75, 9.5], "texture": "#1"},
				"east": {"uv": [9.25, 9, 10, 9.25], "texture": "#1"},
				"south": {"uv": [0, 9.5, 0.75, 9.75], "texture": "#1"},
				"west": {"uv": [0.75, 9.5, 1.5, 9.75], "texture": "#1"},
				"up": {"uv": [0.75, 9.25, 0, 8.5], "texture": "#1"},
				"down": {"uv": [1.5, 8.5, 0.75, 9.25], "texture": "#1"}
			}
		},
		{
			"from": [-8, 1, 21],
			"to": [-5, 4, 22],
			"rotation": {"angle": 0, "axis": "y", "origin": [-8, 1, 17]},
			"faces": {
				"north": {"uv": [1.5, 8.5, 2.25, 9.25], "texture": "#1"},
				"east": {"uv": [1.5, 9.5, 1.75, 10.25], "texture": "#1"},
				"south": {"uv": [2.25, 8.5, 3, 9.25], "texture": "#1"},
				"west": {"uv": [1.75, 9.5, 2, 10.25], "texture": "#1"},
				"up": {"uv": [2.75, 9.75, 2, 9.5], "texture": "#1"},
				"down": {"uv": [4.25, 9.5, 3.5, 9.75], "texture": "#1"}
			}
		},
		{
			"from": [-8, 4, 22],
			"to": [-5, 5, 25],
			"rotation": {"angle": 0, "axis": "y", "origin": [-8, 4, 22]},
			"faces": {
				"north": {"uv": [4.25, 9.5, 5, 9.75], "texture": "#1"},
				"east": {"uv": [5.25, 9.5, 6, 9.75], "texture": "#1"},
				"south": {"uv": [9.5, 5.75, 10.25, 6], "texture": "#1"},
				"west": {"uv": [6, 9.5, 6.75, 9.75], "texture": "#1"},
				"up": {"uv": [3.75, 9.25, 3, 8.5], "texture": "#1"},
				"down": {"uv": [4.5, 8.5, 3.75, 9.25], "texture": "#1"}
			}
		},
		{
			"from": [-8, 1, 25],
			"to": [-5, 4, 26],
			"rotation": {"angle": 0, "axis": "y", "origin": [-8, 1, 21]},
			"faces": {
				"north": {"uv": [4.5, 8.5, 5.25, 9.25], "texture": "#1"},
				"east": {"uv": [2.75, 9.5, 3, 10.25], "texture": "#1"},
				"south": {"uv": [8.5, 5, 9.25, 5.75], "texture": "#1"},
				"west": {"uv": [6.75, 9.5, 7, 10.25], "texture": "#1"},
				"up": {"uv": [10.25, 6.25, 9.5, 6], "texture": "#1"},
				"down": {"uv": [10.25, 6.25, 9.5, 6.5], "texture": "#1"}
			}
		},
		{
			"from": [-8, 1, -5],
			"to": [-6, 4, -2],
			"rotation": {"angle": 0, "axis": "y", "origin": [-8, 1, -5]},
			"faces": {
				"north": {"uv": [6, 6, 8, 9], "texture": "#5"},
				"east": {"uv": [0, 0, 3, 3], "texture": "#5"},
				"south": {"uv": [8, 6, 10, 9], "texture": "#5"},
				"west": {"uv": [0, 3, 3, 6], "texture": "#5"},
				"up": {"uv": [2, 12, 0, 9], "texture": "#5"},
				"down": {"uv": [11, 0, 9, 3], "texture": "#5"}
			}
		},
		{
			"from": [-8, 1, 22],
			"to": [-6, 4, 25],
			"rotation": {"angle": 0, "axis": "y", "origin": [-8, 1, 22]},
			"faces": {
				"north": {"uv": [2, 9, 4, 12], "texture": "#5"},
				"east": {"uv": [3, 0, 6, 3], "texture": "#5"},
				"south": {"uv": [9, 3, 11, 6], "texture": "#5"},
				"west": {"uv": [3, 3, 6, 6], "texture": "#5"},
				"up": {"uv": [6, 12, 4, 9], "texture": "#5"},
				"down": {"uv": [8, 9, 6, 12], "texture": "#5"}
			}
		},
		{
			"from": [22, 1, -5],
			"to": [24, 4, -2],
			"rotation": {"angle": 0, "axis": "y", "origin": [22, 1, -5]},
			"faces": {
				"north": {"uv": [8, 9, 10, 12], "texture": "#5"},
				"east": {"uv": [0, 6, 3, 9], "texture": "#5"},
				"south": {"uv": [10, 6, 12, 9], "texture": "#5"},
				"west": {"uv": [6, 0, 9, 3], "texture": "#5"},
				"up": {"uv": [12, 12, 10, 9], "texture": "#5"},
				"down": {"uv": [13, 0, 11, 3], "texture": "#5"}
			}
		},
		{
			"from": [22, 1, 22],
			"to": [24, 4, 25],
			"rotation": {"angle": 0, "axis": "y", "origin": [22, 1, 22]},
			"faces": {
				"north": {"uv": [11, 3, 13, 6], "texture": "#5"},
				"east": {"uv": [3, 6, 6, 9], "texture": "#5"},
				"south": {"uv": [0, 12, 2, 15], "texture": "#5"},
				"west": {"uv": [6, 3, 9, 6], "texture": "#5"},
				"up": {"uv": [4, 15, 2, 12], "texture": "#5"},
				"down": {"uv": [6, 12, 4, 15], "texture": "#5"}
			}
		},
		{
			"from": [-6, 2, -4],
			"to": [22, 3, -4],
			"rotation": {"angle": 0, "axis": "y", "origin": [-4, 2, -9]},
			"faces": {
				"north": {"uv": [6, 3.25, 13, 3.25], "texture": "#1"},
				"east": {"uv": [5.75, 7.25, 5.75, 7.25], "texture": "#1"},
				"south": {"uv": [6, 3.5, 13, 3.5], "texture": "#1"},
				"west": {"uv": [5.75, 7.25, 5.75, 7.25], "texture": "#1"},
				"up": {"uv": [13, 3.75, 6, 3.75], "texture": "#1"},
				"down": {"uv": [13, 4, 6, 4], "texture": "#1"}
			}
		},
		{
			"from": [-6, 2, -4],
			"to": [22, 3, -3],
			"rotation": {"angle": 0, "axis": "y", "origin": [-4, 2, -9]},
			"faces": {
				"north": {"uv": [6, 3.25, 13, 3.25], "texture": "#1"},
				"east": {"uv": [5.5, 7.25, 5.75, 7.25], "texture": "#1"},
				"south": {"uv": [6, 3.5, 13, 3.5], "texture": "#1"},
				"west": {"uv": [5.75, 7.25, 6, 7.25], "texture": "#1"},
				"up": {"uv": [13, 3.75, 6, 3.5], "texture": "#1"},
				"down": {"uv": [13, 3.75, 6, 4], "texture": "#1"}
			}
		},
		{
			"from": [-6, 2, -4],
			"to": [22, 3, -3],
			"rotation": {"angle": 0, "axis": "y", "origin": [-4, 2, -9]},
			"faces": {
				"north": {"uv": [6, 3, 13, 3.25], "texture": "#1"},
				"east": {"uv": [5.5, 7, 5.75, 7.25], "texture": "#1"},
				"south": {"uv": [6, 3.25, 13, 3.5], "texture": "#1"},
				"west": {"uv": [5.75, 7, 6, 7.25], "texture": "#1"},
				"up": {"uv": [13, 3.75, 6, 3.5], "texture": "#1"},
				"down": {"uv": [13, 3.75, 6, 4], "texture": "#1"}
			}
		},
		{
			"from": [-6, 2, 23],
			"to": [22, 3, 24],
			"rotation": {"angle": 0, "axis": "y", "origin": [-4, 2, 17]},
			"faces": {
				"north": {"uv": [6, 4, 13, 4.25], "texture": "#1"},
				"east": {"uv": [5.25, 7.75, 5.5, 8], "texture": "#1"},
				"south": {"uv": [6, 4.25, 13, 4.5], "texture": "#1"},
				"west": {"uv": [9.5, 6.75, 9.75, 7], "texture": "#1"},
				"up": {"uv": [13, 4.75, 6, 4.5], "texture": "#1"},
				"down": {"uv": [13, 4.75, 6, 5], "texture": "#1"}
			}
		},
		{
			"from": [-4, 3, -7],
			"to": [20, 6, 0],
			"rotation": {"angle": 0, "axis": "y", "origin": [-4, 2, -2]},
			"faces": {
				"north": {"uv": [6, 0, 12, 0.75], "texture": "#1", "tintindex": 0},
				"east": {"uv": [6, 5, 7.75, 5.75], "texture": "#1", "tintindex": 0},
				"south": {"uv": [6, 0.75, 12, 1.5], "texture": "#1", "tintindex": 0},
				"west": {"uv": [6, 5.75, 7.75, 6.5], "texture": "#1", "tintindex": 1},
				"up": {"uv": [6, 1.75, 0, 0], "texture": "#1"},
				"down": {"uv": [6, 1.75, 0, 3.5], "texture": "#1"}
			}
		},
		{
			"from": [-4, 3, 20],
			"to": [20, 6, 27],
			"rotation": {"angle": 0, "axis": "y", "origin": [-4, 2, 25]},
			"faces": {
				"north": {"uv": [6, 1.5, 12, 2.25], "texture": "#1", "tintindex": 0},
				"east": {"uv": [6, 6.5, 7.75, 7.25], "texture": "#1", "tintindex": 0},
				"south": {"uv": [6, 2.25, 12, 3], "texture": "#1", "tintindex": 0},
				"west": {"uv": [0, 7, 1.75, 7.75], "texture": "#1", "tintindex": 1},
				"up": {"uv": [6, 5.25, 0, 3.5], "texture": "#1"},
				"down": {"uv": [6, 5.25, 0, 7], "texture": "#1"}
			}
		},
		{
			"from": [-8, 2, 0],
			"to": [24, 6, 20],
			"rotation": {"angle": 0, "axis": "y", "origin": [-4, 2, 6]},
			"faces": {
				"north": {"uv": [7.625, 10.75, 11.625, 11.25], "texture": "#6"},
				"east": {"uv": [4, 11.125, 6.5, 11.625], "texture": "#6", "tintindex": 0},
				"south": {"uv": [0, 11.125, 4, 11.625], "texture": "#6"},
				"west": {"uv": [11.25, 2, 13.75, 2.5], "texture": "#6", "tintindex": 0},
				"up": {"uv": [11.25, 2.5, 7.25, 0], "texture": "#6", "tintindex": 0},
				"down": {"uv": [4, 7.5, 0, 10], "texture": "#6"}
			}
		},
		{
			"from": [-8, 2, 27],
			"to": [24, 6, 31.5],
			"rotation": {"angle": 0, "axis": "y", "origin": [-4, 2, 30]},
			"faces": {
				"north": {"uv": [11.25, 0, 15.25, 0.5], "texture": "#6"},
				"east": {"uv": [9.125, 12.25, 9.75, 12.75], "texture": "#6", "tintindex": 0},
				"south": {"uv": [11.25, 0.5, 15.25, 1], "texture": "#6", "tintindex": 0},
				"west": {"uv": [9.75, 12.25, 10.375, 12.75], "texture": "#6", "tintindex": 0},
				"up": {"uv": [11.625, 10.75, 7.625, 10.125], "texture": "#6", "tintindex": 0},
				"down": {"uv": [7.625, 10.5, 3.625, 11.125], "texture": "#6"}
			}
		},
		{
			"from": [-8, 2, -15],
			"to": [24, 6, -7],
			"rotation": {"angle": 0, "axis": "y", "origin": [-4, 2, -9]},
			"faces": {
				"north": {"uv": [11.25, 1, 15.25, 1.5], "texture": "#6", "tintindex": 0},
				"east": {"uv": [5.125, 11.625, 6.125, 12.125], "texture": "#6", "tintindex": 0},
				"south": {"uv": [11.25, 1.5, 15.25, 2], "texture": "#6"},
				"west": {"uv": [11.875, 11.25, 12.875, 11.75], "texture": "#6", "tintindex": 0},
				"up": {"uv": [11.75, 4.75, 7.75, 3.75], "texture": "#6", "tintindex": 0},
				"down": {"uv": [11.75, 4.75, 7.75, 5.75], "texture": "#6"}
			}
		},
		{
			"from": [-6.5, 6, -4],
			"to": [22.5, 7, 30],
			"rotation": {"angle": 0, "axis": "y", "origin": [-2.75, 2, 1]},
			"faces": {
				"north": {"uv": [12.125, 6.375, 15.75, 6.5], "texture": "#6"},
				"east": {"uv": [11.625, 11.125, 15.875, 11.25], "texture": "#6"},
				"south": {"uv": [12.125, 6.5, 15.75, 6.625], "texture": "#6"},
				"west": {"uv": [11.75, 5.625, 16, 5.75], "texture": "#6"},
				"up": {"uv": [3.625, 4.25, 0, 0], "texture": "#6"},
				"down": {"uv": [7.25, 0, 3.625, 4.25], "texture": "#6"}
			}
		},
		{
			"from": [22.5, 6, -4],
			"to": [23.75, 13, 31],
			"rotation": {"angle": 0, "axis": "y", "origin": [26, 2, 1]},
			"faces": {
				"north": {"uv": [3.125, 12.375, 3.25, 13.25], "texture": "#6"},
				"east": {"uv": [7.75, 5.75, 12.125, 6.625], "texture": "#6", "tintindex": 0},
				"south": {"uv": [5.125, 12.375, 5.25, 13.25], "texture": "#6", "tintindex": 0},
				"west": {"uv": [7.75, 6.625, 12.125, 7.5], "texture": "#6"},
				"up": {"uv": [4.25, 16, 4.125, 11.625], "texture": "#6", "tintindex": 0},
				"down": {"uv": [4.375, 11.625, 4.25, 16], "texture": "#6"}
			}
		},
		{
			"from": [-7.75, 6, -14],
			"to": [23.75, 13, -4],
			"rotation": {"angle": 0, "axis": "y", "origin": [-4, 2, -9]},
			"faces": {
				"north": {"uv": [4, 8.75, 8, 9.625], "texture": "#6", "tintindex": 0},
				"east": {"uv": [11.25, 2.5, 12.5, 3.375], "texture": "#6", "tintindex": 0},
				"south": {"uv": [8, 9.25, 12, 10.125], "texture": "#6"},
				"west": {"uv": [6.5, 11.25, 7.75, 12.125], "texture": "#6", "tintindex": 0},
				"up": {"uv": [11.25, 3.75, 7.25, 2.5], "texture": "#6", "tintindex": 0},
				"down": {"uv": [8, 7.5, 4, 8.75], "texture": "#6"}
			}
		},
		{
			"from": [-6.5, 6, 30],
			"to": [22.5, 13, 31],
			"rotation": {"angle": 0, "axis": "y", "origin": [-2.75, 2, 35]},
			"faces": {
				"north": {"uv": [4, 9.625, 7.625, 10.5], "texture": "#6"},
				"east": {"uv": [5.25, 12.375, 5.375, 13.25], "texture": "#6"},
				"south": {"uv": [0, 10, 3.625, 10.875], "texture": "#6", "tintindex": 0},
				"west": {"uv": [5.375, 12.375, 5.5, 13.25], "texture": "#6"},
				"up": {"uv": [15.75, 6.75, 12.125, 6.625], "texture": "#6", "tintindex": 0},
				"down": {"uv": [15.75, 6.75, 12.125, 6.875], "texture": "#6"}
			}
		},
		{
			"from": [-7.75, 6, -4],
			"to": [-6.5, 13, 31],
			"rotation": {"angle": 0, "axis": "y", "origin": [-4, 2, 1]},
			"faces": {
				"north": {"uv": [5.5, 12.375, 5.625, 13.25], "texture": "#6"},
				"east": {"uv": [8, 7.5, 12.375, 8.375], "texture": "#6"},
				"south": {"uv": [5.625, 12.375, 5.75, 13.25], "texture": "#6", "tintindex": 0},
				"west": {"uv": [8, 8.375, 12.375, 9.25], "texture": "#6", "tintindex": 0},
				"up": {"uv": [4.5, 16, 4.375, 11.625], "texture": "#6", "tintindex": 0},
				"down": {"uv": [4.625, 11.625, 4.5, 16], "texture": "#6"}
			}
		},
		{
			"from": [23, 12, 9],
			"to": [24, 13, 11],
			"rotation": {"angle": 0, "axis": "y", "origin": [23, 12, 9]},
			"faces": {
				"north": {"uv": [7.5, 11.125, 7.625, 11.25], "texture": "#6"},
				"east": {"uv": [3.375, 10.875, 3.625, 11], "texture": "#6"},
				"south": {"uv": [2, 12.875, 2.125, 13], "texture": "#6"},
				"west": {"uv": [3.375, 11, 3.625, 11.125], "texture": "#6"},
				"up": {"uv": [12.625, 3.25, 12.5, 3], "texture": "#6", "tintindex": 0},
				"down": {"uv": [12.625, 9, 12.5, 9.25], "texture": "#6"}
			}
		},
		{
			"from": [-8, 12, 9],
			"to": [-7, 13, 11],
			"rotation": {"angle": 0, "axis": "y", "origin": [-8, 12, 9]},
			"faces": {
				"north": {"uv": [12.875, 7.625, 13, 7.75], "texture": "#6"},
				"east": {"uv": [3.375, 12, 3.625, 12.125], "texture": "#6"},
				"south": {"uv": [12.875, 7.75, 13, 7.875], "texture": "#6"},
				"west": {"uv": [3.625, 12, 3.875, 12.125], "texture": "#6"},
				"up": {"uv": [12.75, 3.25, 12.625, 3], "texture": "#6", "tintindex": 0},
				"down": {"uv": [12.75, 8.5, 12.625, 8.75], "texture": "#6"}
			}
		},
		{
			"from": [6, 10, 30.25],
			"to": [10, 11, 31.25],
			"rotation": {"angle": 0, "axis": "y", "origin": [6, 10, 30.25]},
			"faces": {
				"north": {"uv": [6.5, 11.125, 7, 11.25], "texture": "#6"},
				"east": {"uv": [7.875, 12.875, 8, 13], "texture": "#6"},
				"south": {"uv": [7, 11.125, 7.5, 11.25], "texture": "#6"},
				"west": {"uv": [12.875, 7.875, 13, 8], "texture": "#6"},
				"up": {"uv": [11.75, 3.75, 11.25, 3.625], "texture": "#6"},
				"down": {"uv": [3.875, 11.875, 3.375, 12], "texture": "#6"}
			}
		},
		{
			"from": [-7.5, 21, 28.75],
			"to": [-5.5, 25, 29.75],
			"rotation": {"angle": 0, "axis": "y", "origin": [-7.5, 21, 27.75]},
			"faces": {
				"north": {"uv": [7.25, 3.75, 7.5, 4.25], "texture": "#6"},
				"east": {"uv": [7.875, 9.625, 8, 10.125], "texture": "#6"},
				"south": {"uv": [7.5, 3.75, 7.75, 4.25], "texture": "#6", "tintindex": 0},
				"west": {"uv": [3.875, 10, 4, 10.5], "texture": "#6", "tintindex": 0},
				"up": {"uv": [12.75, 3.375, 12.5, 3.25], "texture": "#6", "tintindex": 0},
				"down": {"uv": [12.875, 8.75, 12.625, 8.875], "texture": "#6"}
			}
		},
		{
			"from": [-7.5, 25, 28.25],
			"to": [23.5, 27, 29.25],
			"rotation": {"angle": 0, "axis": "y", "origin": [-7.5, 25, 27.25]},
			"faces": {
				"north": {"uv": [11.625, 10.125, 15.5, 10.375], "texture": "#6"},
				"east": {"uv": [12.625, 8.875, 12.75, 9.125], "texture": "#6", "tintindex": 0},
				"south": {"uv": [11.625, 10.375, 15.5, 10.625], "texture": "#6", "tintindex": 0},
				"west": {"uv": [12.625, 12.125, 12.75, 12.375], "texture": "#6", "tintindex": 0},
				"up": {"uv": [11.625, 12.125, 7.75, 12], "texture": "#6", "tintindex": 0},
				"down": {"uv": [15.875, 9.25, 12, 9.375], "texture": "#6"}
			}
		},
		{
			"from": [21.5, 21, 28.75],
			"to": [23.5, 25, 29.75],
			"rotation": {"angle": 0, "axis": "y", "origin": [21.5, 21, 27.75]},
			"faces": {
				"north": {"uv": [7.625, 9.625, 7.875, 10.125], "texture": "#6"},
				"east": {"uv": [6.375, 11.625, 6.5, 12.125], "texture": "#6", "tintindex": 0},
				"south": {"uv": [3.625, 10, 3.875, 10.5], "texture": "#6", "tintindex": 0},
				"west": {"uv": [7.625, 12.375, 7.75, 12.875], "texture": "#6"},
				"up": {"uv": [12.875, 9.25, 12.625, 9.125], "texture": "#6", "tintindex": 0},
				"down": {"uv": [12.625, 12.625, 12.375, 12.75], "texture": "#6"}
			}
		},
		{
			"from": [21.5, 13, 29.75],
			"to": [23.5, 17, 30.75],
			"rotation": {"angle": 0, "axis": "y", "origin": [21.5, 13, 28.75]},
			"faces": {
				"north": {"uv": [6.125, 11.625, 6.375, 12.125], "texture": "#6"},
				"east": {"uv": [7.75, 12.375, 7.875, 12.875], "texture": "#6", "tintindex": 0},
				"south": {"uv": [0.375, 12.375, 0.625, 12.875], "texture": "#6", "tintindex": 0},
				"west": {"uv": [7.875, 12.375, 8, 12.875], "texture": "#6"},
				"up": {"uv": [12.875, 12.5, 12.625, 12.375], "texture": "#6", "tintindex": 0},
				"down": {"uv": [12.875, 12.5, 12.625, 12.625], "texture": "#6"}
			}
		},
		{
			"from": [21.5, 17, 29.25],
			"to": [23.5, 21, 30.25],
			"rotation": {"angle": 0, "axis": "y", "origin": [21.5, 17, 28.25]},
			"faces": {
				"north": {"uv": [0.625, 12.375, 0.875, 12.875], "texture": "#6"},
				"east": {"uv": [8, 12.375, 8.125, 12.875], "texture": "#6", "tintindex": 0},
				"south": {"uv": [0.875, 12.375, 1.125, 12.875], "texture": "#6", "tintindex": 0},
				"west": {"uv": [8.125, 12.375, 8.25, 12.875], "texture": "#6"},
				"up": {"uv": [12.875, 12.75, 12.625, 12.625], "texture": "#6", "tintindex": 0},
				"down": {"uv": [13, 2.5, 12.75, 2.625], "texture": "#6"}
			}
		},
		{
			"from": [-5.5, 13, 29.75],
			"to": [21.5, 15, 30.75],
			"rotation": {"angle": 0, "axis": "y", "origin": [-5.5, 13, 28.75]},
			"faces": {
				"north": {"uv": [0, 10.875, 3.375, 11.125], "texture": "#6"},
				"east": {"uv": [12.75, 2.625, 12.875, 2.875], "texture": "#6"},
				"south": {"uv": [0, 11.875, 3.375, 12.125], "texture": "#6", "tintindex": 0},
				"west": {"uv": [12.75, 2.875, 12.875, 3.125], "texture": "#6"},
				"up": {"uv": [15.5, 7, 12.125, 6.875], "texture": "#6"},
				"down": {"uv": [15.5, 7, 12.125, 7.125], "texture": "#6"}
			}
		},
		{
			"from": [-7.5, 13, -2.75],
			"to": [-6.5, 15, 29.75],
			"rotation": {"angle": 0, "axis": "y", "origin": [-5.5, 13, 28.75]},
			"faces": {
				"north": {"uv": [12.75, 3.125, 12.875, 3.375], "texture": "#6"},
				"east": {"uv": [11.25, 3.375, 15.375, 3.625], "texture": "#6"},
				"south": {"uv": [12.75, 7.5, 12.875, 7.75], "texture": "#6"},
				"west": {"uv": [7.75, 11.25, 11.875, 11.5], "texture": "#6", "tintindex": 0},
				"up": {"uv": [4.75, 15.75, 4.625, 11.625], "texture": "#6"},
				"down": {"uv": [4.875, 11.625, 4.75, 15.75], "texture": "#6"}
			}
		},
		{
			"from": [22.5, 13, -2.75],
			"to": [23.5, 15, 29.75],
			"rotation": {"angle": 0, "axis": "y", "origin": [24.5, 13, 28.75]},
			"faces": {
				"north": {"uv": [12.75, 7.75, 12.875, 8], "texture": "#6"},
				"east": {"uv": [7.75, 11.5, 11.875, 11.75], "texture": "#6", "tintindex": 0},
				"south": {"uv": [12.75, 8, 12.875, 8.25], "texture": "#6"},
				"west": {"uv": [0, 11.625, 4.125, 11.875], "texture": "#6"},
				"up": {"uv": [5, 15.75, 4.875, 11.625], "texture": "#6"},
				"down": {"uv": [5.125, 11.625, 5, 15.75], "texture": "#6"}
			}
		},
		{
			"from": [-7.5, 15, 26.25],
			"to": [-7, 26, 28.25],
			"rotation": {"angle": 0, "axis": "y", "origin": [-7.5, 13, 26.25]},
			"faces": {
				"north": {"uv": [3.75, 12.25, 3.875, 13.625], "texture": "#6"},
				"east": {"uv": [3.5, 12.25, 3.75, 13.625], "texture": "#6"},
				"south": {"uv": [10.375, 12.25, 10.5, 13.625], "texture": "#6"},
				"west": {"uv": [8.375, 12.25, 8.625, 13.625], "texture": "#6", "tintindex": 0},
				"up": {"uv": [12.875, 8.5, 12.75, 8.25], "texture": "#6"},
				"down": {"uv": [12.875, 8.5, 12.75, 8.75], "texture": "#6"}
			}
		},
		{
			"from": [-7.5, 15, 28.25],
			"to": [-7, 25, 28.75],
			"rotation": {"angle": 0, "axis": "y", "origin": [-7.5, 13, 26.75]},
			"faces": {
				"north": {"uv": [11.75, 12.25, 11.875, 13.5], "texture": "#6"},
				"east": {"uv": [11.875, 12.25, 12, 13.5], "texture": "#6"},
				"south": {"uv": [12, 12.25, 12.125, 13.5], "texture": "#6"},
				"west": {"uv": [12.125, 12.25, 12.25, 13.5], "texture": "#6", "tintindex": 0},
				"up": {"uv": [8.125, 13, 8, 12.875], "texture": "#6"},
				"down": {"uv": [13, 8, 12.875, 8.125], "texture": "#6"}
			}
		},
		{
			"from": [-7.5, 15, 28.75],
			"to": [-7, 21, 29.25],
			"rotation": {"angle": 0, "axis": "y", "origin": [-7.5, 13, 26.75]},
			"faces": {
				"north": {"uv": [5.75, 12.375, 5.875, 13.125], "texture": "#6"},
				"east": {"uv": [5.875, 12.375, 6, 13.125], "texture": "#6"},
				"south": {"uv": [6, 12.375, 6.125, 13.125], "texture": "#6"},
				"west": {"uv": [6.125, 12.375, 6.25, 13.125], "texture": "#6", "tintindex": 0},
				"up": {"uv": [8.25, 13, 8.125, 12.875], "texture": "#6"},
				"down": {"uv": [13, 8.125, 12.875, 8.25], "texture": "#6"}
			}
		},
		{
			"from": [-7.5, 15, 29.25],
			"to": [-7, 17, 29.75],
			"rotation": {"angle": 0, "axis": "y", "origin": [-7.5, 13, 26.75]},
			"faces": {
				"north": {"uv": [12.75, 8.875, 12.875, 9.125], "texture": "#6"},
				"east": {"uv": [9.125, 12.75, 9.25, 13], "texture": "#6"},
				"south": {"uv": [9.25, 12.75, 9.375, 13], "texture": "#6"},
				"west": {"uv": [9.375, 12.75, 9.5, 13], "texture": "#6", "tintindex": 0},
				"up": {"uv": [8.375, 13, 8.25, 12.875], "texture": "#6"},
				"down": {"uv": [13, 8.25, 12.875, 8.375], "texture": "#6"}
			}
		},
		{
			"from": [23, 15, 26.25],
			"to": [23.5, 26, 28.25],
			"rotation": {"angle": 0, "axis": "y", "origin": [23, 13, 26.25]},
			"faces": {
				"north": {"uv": [10.5, 12.25, 10.625, 13.625], "texture": "#6"},
				"east": {"uv": [8.625, 12.25, 8.875, 13.625], "texture": "#6", "tintindex": 0},
				"south": {"uv": [10.625, 12.25, 10.75, 13.625], "texture": "#6"},
				"west": {"uv": [8.875, 12.25, 9.125, 13.625], "texture": "#6"},
				"up": {"uv": [9.625, 13, 9.5, 12.75], "texture": "#6"},
				"down": {"uv": [9.75, 12.75, 9.625, 13], "texture": "#6"}
			}
		},
		{
			"from": [23, 15, 28.25],
			"to": [23.5, 25, 28.75],
			"rotation": {"angle": 0, "axis": "y", "origin": [23, 13, 26.75]},
			"faces": {
				"north": {"uv": [12.25, 12.125, 12.375, 13.375], "texture": "#6"},
				"east": {"uv": [0, 12.375, 0.125, 13.625], "texture": "#6", "tintindex": 0},
				"south": {"uv": [0.125, 12.375, 0.25, 13.625], "texture": "#6"},
				"west": {"uv": [0.25, 12.375, 0.375, 13.625], "texture": "#6"},
				"up": {"uv": [13, 8.5, 12.875, 8.375], "texture": "#6"},
				"down": {"uv": [13, 8.5, 12.875, 8.625], "texture": "#6"}
			}
		},
		{
			"from": [23, 15, 28.75],
			"to": [23.5, 21, 29.25],
			"rotation": {"angle": 0, "axis": "y", "origin": [23, 13, 26.75]},
			"faces": {
				"north": {"uv": [6.25, 12.375, 6.375, 13.125], "texture": "#6"},
				"east": {"uv": [6.375, 12.375, 6.5, 13.125], "texture": "#6", "tintindex": 0},
				"south": {"uv": [6.5, 12.375, 6.625, 13.125], "texture": "#6"},
				"west": {"uv": [6.625, 12.375, 6.75, 13.125], "texture": "#6"},
				"up": {"uv": [13, 8.75, 12.875, 8.625], "texture": "#6"},
				"down": {"uv": [13, 8.75, 12.875, 8.875], "texture": "#6"}
			}
		},
		{
			"from": [23, 15, 29.25],
			"to": [23.5, 17, 29.75],
			"rotation": {"angle": 0, "axis": "y", "origin": [23, 13, 26.75]},
			"faces": {
				"north": {"uv": [9.75, 12.75, 9.875, 13], "texture": "#6"},
				"east": {"uv": [9.875, 12.75, 10, 13], "texture": "#6", "tintindex": 0},
				"south": {"uv": [10, 12.75, 10.125, 13], "texture": "#6"},
				"west": {"uv": [10.125, 12.75, 10.25, 13], "texture": "#6"},
				"up": {"uv": [13, 9, 12.875, 8.875], "texture": "#6"},
				"down": {"uv": [13, 9, 12.875, 9.125], "texture": "#6"}
			}
		},
		{
			"from": [-7.25, 27, 2.75],
			"to": [23.25, 28, 28.75],
			"rotation": {"angle": 0, "axis": "y", "origin": [-8, 27, 2.75]},
			"faces": {
				"north": {"uv": [12, 9.375, 15.875, 9.5], "texture": "#6", "tintindex": 0},
				"east": {"uv": [12.125, 7.125, 15.375, 7.25], "texture": "#6", "tintindex": 0},
				"south": {"uv": [12, 9.5, 15.875, 9.625], "texture": "#6", "tintindex": 0},
				"west": {"uv": [12.125, 7.25, 15.375, 7.375], "texture": "#6", "tintindex": 0},
				"up": {"uv": [3.875, 7.5, 0, 4.25], "texture": "#6", "tintindex": 0},
				"down": {"uv": [7.75, 4.25, 3.875, 7.5], "texture": "#6"}
			}
		},
		{
			"from": [-7.5, 15, 11.25],
			"to": [-7, 26, 12.25],
			"rotation": {"angle": 0, "axis": "y", "origin": [-7.5, 13, 11.25]},
			"faces": {
				"north": {"uv": [10.75, 12.25, 10.875, 13.625], "texture": "#6"},
				"east": {"uv": [10.875, 12.25, 11, 13.625], "texture": "#6"},
				"south": {"uv": [11, 12.25, 11.125, 13.625], "texture": "#6"},
				"west": {"uv": [11.125, 12.25, 11.25, 13.625], "texture": "#6", "tintindex": 0},
				"up": {"uv": [13, 9.25, 12.875, 9.125], "texture": "#6"},
				"down": {"uv": [13, 11.25, 12.875, 11.375], "texture": "#6"}
			}
		},
		{
			"from": [23, 15, 11.25],
			"to": [23.5, 26, 12.25],
			"rotation": {"angle": 0, "axis": "y", "origin": [23, 13, 11.25]},
			"faces": {
				"north": {"uv": [11.25, 12.25, 11.375, 13.625], "texture": "#6"},
				"east": {"uv": [11.375, 12.25, 11.5, 13.625], "texture": "#6", "tintindex": 0},
				"south": {"uv": [11.5, 12.25, 11.625, 13.625], "texture": "#6"},
				"west": {"uv": [11.625, 12.25, 11.75, 13.625], "texture": "#6"},
				"up": {"uv": [13, 11.5, 12.875, 11.375], "texture": "#6"},
				"down": {"uv": [13, 11.5, 12.875, 11.625], "texture": "#6"}
			}
		},
		{
			"from": [-7.5, 13, 29.75],
			"to": [-5.5, 17, 30.75],
			"rotation": {"angle": 0, "axis": "y", "origin": [-7.5, 13, 28.75]},
			"faces": {
				"north": {"uv": [1.125, 12.375, 1.375, 12.875], "texture": "#6"},
				"east": {"uv": [8.25, 12.375, 8.375, 12.875], "texture": "#6"},
				"south": {"uv": [1.375, 12.375, 1.625, 12.875], "texture": "#6", "tintindex": 0},
				"west": {"uv": [12.375, 8.25, 12.5, 8.75], "texture": "#6", "tintindex": 0},
				"up": {"uv": [13, 12.25, 12.75, 12.125], "texture": "#6", "tintindex": 0},
				"down": {"uv": [13, 12.25, 12.75, 12.375], "texture": "#6"}
			}
		},
		{
			"from": [-7.5, 17, 29.25],
			"to": [-5.5, 21, 30.25],
			"rotation": {"angle": 0, "axis": "y", "origin": [-7.5, 17, 28.25]},
			"faces": {
				"north": {"uv": [1.625, 12.375, 1.875, 12.875], "texture": "#6"},
				"east": {"uv": [12.375, 8.75, 12.5, 9.25], "texture": "#6"},
				"south": {"uv": [1.875, 12.375, 2.125, 12.875], "texture": "#6", "tintindex": 0},
				"west": {"uv": [12.375, 12.125, 12.5, 12.625], "texture": "#6", "tintindex": 0},
				"up": {"uv": [12.625, 12.875, 12.375, 12.75], "texture": "#6", "tintindex": 0},
				"down": {"uv": [12.875, 12.75, 12.625, 12.875], "texture": "#6"}
			}
		},
		{
			"from": [23, 15, 1.25],
			"to": [23.5, 23, 1.75],
			"rotation": {"angle": 0, "axis": "y", "origin": [23, 15, -0.25]},
			"faces": {
				"north": {"uv": [2.125, 12.375, 2.25, 13.375], "texture": "#6"},
				"east": {"uv": [2.25, 12.375, 2.375, 13.375], "texture": "#6", "tintindex": 0},
				"south": {"uv": [2.375, 12.375, 2.5, 13.375], "texture": "#6"},
				"west": {"uv": [2.5, 12.375, 2.625, 13.375], "texture": "#6"},
				"up": {"uv": [13, 11.75, 12.875, 11.625], "texture": "#6"},
				"down": {"uv": [12.5, 12.875, 12.375, 13], "texture": "#6"}
			}
		},
		{
			"from": [23, 15, 0.25],
			"to": [23.5, 21, 1.25],
			"rotation": {"angle": 0, "axis": "y", "origin": [23, 15, -1.25]},
			"faces": {
				"north": {"uv": [6.75, 12.375, 6.875, 13.125], "texture": "#6"},
				"east": {"uv": [6.875, 12.375, 7, 13.125], "texture": "#6", "tintindex": 0},
				"south": {"uv": [7, 12.375, 7.125, 13.125], "texture": "#6"},
				"west": {"uv": [7.125, 12.375, 7.25, 13.125], "texture": "#6"},
				"up": {"uv": [13, 12.5, 12.875, 12.375], "texture": "#6"},
				"down": {"uv": [12.625, 12.875, 12.5, 13], "texture": "#6"}
			}
		},
		{
			"from": [23, 15, -0.75],
			"to": [23.5, 19, 0.25],
			"rotation": {"angle": 0, "axis": "y", "origin": [23, 15, -1.25]},
			"faces": {
				"north": {"uv": [12.5, 2.5, 12.625, 3], "texture": "#6"},
				"east": {"uv": [12.5, 7.5, 12.625, 8], "texture": "#6", "tintindex": 0},
				"south": {"uv": [12.5, 8, 12.625, 8.5], "texture": "#6"},
				"west": {"uv": [12.5, 8.5, 12.625, 9], "texture": "#6"},
				"up": {"uv": [13, 12.625, 12.875, 12.5], "texture": "#6"},
				"down": {"uv": [12.75, 12.875, 12.625, 13], "texture": "#6"}
			}
		},
		{
			"from": [23, 15, -1.75],
			"to": [23.5, 17, -0.75],
			"rotation": {"angle": 0, "axis": "y", "origin": [23, 15, -1.25]},
			"faces": {
				"north": {"uv": [10.25, 12.75, 10.375, 13], "texture": "#6"},
				"east": {"uv": [0.375, 12.875, 0.5, 13.125], "texture": "#6", "tintindex": 0},
				"south": {"uv": [0.5, 12.875, 0.625, 13.125], "texture": "#6"},
				"west": {"uv": [0.625, 12.875, 0.75, 13.125], "texture": "#6"},
				"up": {"uv": [13, 12.75, 12.875, 12.625], "texture": "#6"},
				"down": {"uv": [12.875, 12.875, 12.75, 13], "texture": "#6"}
			}
		},
		{
			"from": [23, 15, -2.25],
			"to": [23.5, 16, -1.75],
			"rotation": {"angle": 0, "axis": "y", "origin": [23, 15, -1.25]},
			"faces": {
				"north": {"uv": [12.875, 12.75, 13, 12.875], "texture": "#6"},
				"east": {"uv": [12.875, 12.875, 13, 13], "texture": "#6", "tintindex": 0},
				"south": {"uv": [1.5, 13, 1.625, 13.125], "texture": "#6"},
				"west": {"uv": [1.625, 13, 1.75, 13.125], "texture": "#6"},
				"up": {"uv": [1.875, 13.125, 1.75, 13], "texture": "#6"},
				"down": {"uv": [2, 13, 1.875, 13.125], "texture": "#6"}
			}
		},
		{
			"from": [23, 17, -1.25],
			"to": [23.5, 18, -0.75],
			"rotation": {"angle": 0, "axis": "y", "origin": [23, 17, -0.25]},
			"faces": {
				"north": {"uv": [2, 13, 2.125, 13.125], "texture": "#6"},
				"east": {"uv": [13, 2.5, 13.125, 2.625], "texture": "#6", "tintindex": 0},
				"south": {"uv": [7.625, 13, 7.75, 13.125], "texture": "#6"},
				"west": {"uv": [13, 7.625, 13.125, 7.75], "texture": "#6"},
				"up": {"uv": [7.875, 13.125, 7.75, 13], "texture": "#6"},
				"down": {"uv": [13.125, 7.75, 13, 7.875], "texture": "#6"}
			}
		},
		{
			"from": [23, 19, -0.25],
			"to": [23.5, 20, 0.25],
			"rotation": {"angle": 0, "axis": "y", "origin": [23, 19, 0.75]},
			"faces": {
				"north": {"uv": [7.875, 13, 8, 13.125], "texture": "#6"},
				"east": {"uv": [13, 7.875, 13.125, 8], "texture": "#6", "tintindex": 0},
				"south": {"uv": [8, 13, 8.125, 13.125], "texture": "#6"},
				"west": {"uv": [13, 8, 13.125, 8.125], "texture": "#6"},
				"up": {"uv": [8.25, 13.125, 8.125, 13], "texture": "#6"},
				"down": {"uv": [13.125, 8.125, 13, 8.25], "texture": "#6"}
			}
		},
		{
			"from": [23, 21, 0.75],
			"to": [23.5, 22, 1.25],
			"rotation": {"angle": 0, "axis": "y", "origin": [23, 21, 1.75]},
			"faces": {
				"north": {"uv": [8.25, 13, 8.375, 13.125], "texture": "#6"},
				"east": {"uv": [13, 8.25, 13.125, 8.375], "texture": "#6", "tintindex": 0},
				"south": {"uv": [13, 8.375, 13.125, 8.5], "texture": "#6"},
				"west": {"uv": [13, 8.5, 13.125, 8.625], "texture": "#6"},
				"up": {"uv": [13.125, 8.75, 13, 8.625], "texture": "#6"},
				"down": {"uv": [13.125, 8.75, 13, 8.875], "texture": "#6"}
			}
		},
		{
			"from": [-7.5, 15, 1.25],
			"to": [-7, 23, 1.75],
			"rotation": {"angle": 0, "axis": "y", "origin": [-7.5, 15, -0.25]},
			"faces": {
				"north": {"uv": [2.625, 12.375, 2.75, 13.375], "texture": "#6"},
				"east": {"uv": [2.75, 12.375, 2.875, 13.375], "texture": "#6"},
				"south": {"uv": [2.875, 12.375, 3, 13.375], "texture": "#6"},
				"west": {"uv": [3, 12.375, 3.125, 13.375], "texture": "#6", "tintindex": 0},
				"up": {"uv": [13.125, 9, 13, 8.875], "texture": "#6"},
				"down": {"uv": [13.125, 9, 13, 9.125], "texture": "#6"}
			}
		},
		{
			"from": [-7.5, 15, 0.25],
			"to": [-7, 21, 1.25],
			"rotation": {"angle": 0, "axis": "y", "origin": [-7.5, 15, -1.25]},
			"faces": {
				"north": {"uv": [7.25, 12.375, 7.375, 13.125], "texture": "#6"},
				"east": {"uv": [7.375, 12.375, 7.5, 13.125], "texture": "#6"},
				"south": {"uv": [7.5, 12.375, 7.625, 13.125], "texture": "#6"},
				"west": {"uv": [12.375, 7.5, 12.5, 8.25], "texture": "#6", "tintindex": 0},
				"up": {"uv": [9.25, 13.125, 9.125, 13], "texture": "#6"},
				"down": {"uv": [13.125, 9.125, 13, 9.25], "texture": "#6"}
			}
		},
		{
			"from": [-7.5, 15, -0.75],
			"to": [-7, 19, 0.25],
			"rotation": {"angle": 0, "axis": "y", "origin": [-7.5, 15, -1.25]},
			"faces": {
				"north": {"uv": [12.5, 12.125, 12.625, 12.625], "texture": "#6"},
				"east": {"uv": [12.625, 2.5, 12.75, 3], "texture": "#6"},
				"south": {"uv": [12.625, 7.5, 12.75, 8], "texture": "#6"},
				"west": {"uv": [12.625, 8, 12.75, 8.5], "texture": "#6", "tintindex": 0},
				"up": {"uv": [9.375, 13.125, 9.25, 13], "texture": "#6"},
				"down": {"uv": [9.5, 13, 9.375, 13.125], "texture": "#6"}
			}
		},
		{
			"from": [-7.5, 15, -1.75],
			"to": [-7, 17, -0.75],
			"rotation": {"angle": 0, "axis": "y", "origin": [-7.5, 15, -1.25]},
			"faces": {
				"north": {"uv": [0.75, 12.875, 0.875, 13.125], "texture": "#6"},
				"east": {"uv": [0.875, 12.875, 1, 13.125], "texture": "#6"},
				"south": {"uv": [1, 12.875, 1.125, 13.125], "texture": "#6"},
				"west": {"uv": [1.125, 12.875, 1.25, 13.125], "texture": "#6", "tintindex": 0},
				"up": {"uv": [9.625, 13.125, 9.5, 13], "texture": "#6"},
				"down": {"uv": [9.75, 13, 9.625, 13.125], "texture": "#6"}
			}
		},
		{
			"from": [-7.5, 15, -2.25],
			"to": [-7, 16, -1.75],
			"rotation": {"angle": 0, "axis": "y", "origin": [-7.5, 15, -1.25]},
			"faces": {
				"north": {"uv": [9.75, 13, 9.875, 13.125], "texture": "#6"},
				"east": {"uv": [9.875, 13, 10, 13.125], "texture": "#6"},
				"south": {"uv": [10, 13, 10.125, 13.125], "texture": "#6"},
				"west": {"uv": [10.125, 13, 10.25, 13.125], "texture": "#6", "tintindex": 0},
				"up": {"uv": [10.375, 13.125, 10.25, 13], "texture": "#6"},
				"down": {"uv": [13.125, 11.25, 13, 11.375], "texture": "#6"}
			}
		},
		{
			"from": [-7.5, 17, -1.25],
			"to": [-7, 18, -0.75],
			"rotation": {"angle": 0, "axis": "y", "origin": [-7.5, 17, -0.25]},
			"faces": {
				"north": {"uv": [13, 11.375, 13.125, 11.5], "texture": "#6"},
				"east": {"uv": [13, 11.5, 13.125, 11.625], "texture": "#6"},
				"south": {"uv": [13, 11.625, 13.125, 11.75], "texture": "#6"},
				"west": {"uv": [13, 12.125, 13.125, 12.25], "texture": "#6", "tintindex": 0},
				"up": {"uv": [13.125, 12.375, 13, 12.25], "texture": "#6"},
				"down": {"uv": [12.5, 13, 12.375, 13.125], "texture": "#6"}
			}
		},
		{
			"from": [-7.5, 19, -0.25],
			"to": [-7, 20, 0.25],
			"rotation": {"angle": 0, "axis": "y", "origin": [-7.5, 19, 0.75]},
			"faces": {
				"north": {"uv": [13, 12.375, 13.125, 12.5], "texture": "#6"},
				"east": {"uv": [12.5, 13, 12.625, 13.125], "texture": "#6"},
				"south": {"uv": [13, 12.5, 13.125, 12.625], "texture": "#6"},
				"west": {"uv": [12.625, 13, 12.75, 13.125], "texture": "#6", "tintindex": 0},
				"up": {"uv": [13.125, 12.75, 13, 12.625], "texture": "#6"},
				"down": {"uv": [12.875, 13, 12.75, 13.125], "texture": "#6"}
			}
		},
		{
			"from": [-7.5, 21, 0.75],
			"to": [-7, 22, 1.25],
			"rotation": {"angle": 0, "axis": "y", "origin": [-7.5, 21, 1.75]},
			"faces": {
				"north": {"uv": [13, 12.75, 13.125, 12.875], "texture": "#6"},
				"east": {"uv": [12.875, 13, 13, 13.125], "texture": "#6"},
				"south": {"uv": [13, 12.875, 13.125, 13], "texture": "#6"},
				"west": {"uv": [13, 13, 13.125, 13.125], "texture": "#6", "tintindex": 0},
				"up": {"uv": [0.5, 13.25, 0.375, 13.125], "texture": "#6"},
				"down": {"uv": [0.625, 13.125, 0.5, 13.25], "texture": "#6"}
			}
		},
		{
			"from": [-7.5, 15, -3.25],
			"to": [-7, 16, -2.25],
			"rotation": {"angle": 0, "axis": "y", "origin": [-7.5, 15, -3.25]},
			"faces": {
				"north": {"uv": [0.625, 13.125, 0.75, 13.25], "texture": "#6", "tintindex": 0},
				"east": {"uv": [0.75, 13.125, 0.875, 13.25], "texture": "#6"},
				"south": {"uv": [0.875, 13.125, 1, 13.25], "texture": "#6"},
				"west": {"uv": [1, 13.125, 1.125, 13.25], "texture": "#6", "tintindex": 0},
				"up": {"uv": [1.25, 13.25, 1.125, 13.125], "texture": "#6", "tintindex": 0},
				"down": {"uv": [1.375, 13.125, 1.25, 13.25], "texture": "#6"}
			}
		},
		{
			"from": [-7.5, 16, -2.75],
			"to": [-7, 17, -1.75],
			"rotation": {"angle": 0, "axis": "y", "origin": [-7.5, 16, -2.75]},
			"faces": {
				"north": {"uv": [1.375, 13.125, 1.5, 13.25], "texture": "#6", "tintindex": 0},
				"east": {"uv": [1.5, 13.125, 1.625, 13.25], "texture": "#6"},
				"south": {"uv": [1.625, 13.125, 1.75, 13.25], "texture": "#6"},
				"west": {"uv": [1.75, 13.125, 1.875, 13.25], "texture": "#6", "tintindex": 0},
				"up": {"uv": [2, 13.25, 1.875, 13.125], "texture": "#6", "tintindex": 0},
				"down": {"uv": [2.125, 13.125, 2, 13.25], "texture": "#6"}
			}
		},
		{
			"from": [-7.5, 18, -1.75],
			"to": [-7, 19, -0.75],
			"rotation": {"angle": 0, "axis": "y", "origin": [-7.5, 18, -1.75]},
			"faces": {
				"north": {"uv": [13.125, 2.5, 13.25, 2.625], "texture": "#6", "tintindex": 0},
				"east": {"uv": [13.125, 2.625, 13.25, 2.75], "texture": "#6"},
				"south": {"uv": [13.125, 2.75, 13.25, 2.875], "texture": "#6"},
				"west": {"uv": [13.125, 2.875, 13.25, 3], "texture": "#6", "tintindex": 0},
				"up": {"uv": [13.25, 3.125, 13.125, 3], "texture": "#6", "tintindex": 0},
				"down": {"uv": [13.25, 3.125, 13.125, 3.25], "texture": "#6"}
			}
		},
		{
			"from": [-7.5, 17, -2.25],
			"to": [-7, 18, -1.25],
			"rotation": {"angle": 0, "axis": "y", "origin": [-7.5, 17, -2.25]},
			"faces": {
				"north": {"uv": [13.125, 3.25, 13.25, 3.375], "texture": "#6", "tintindex": 0},
				"east": {"uv": [5.75, 13.125, 5.875, 13.25], "texture": "#6"},
				"south": {"uv": [5.875, 13.125, 6, 13.25], "texture": "#6"},
				"west": {"uv": [6, 13.125, 6.125, 13.25], "texture": "#6", "tintindex": 0},
				"up": {"uv": [6.25, 13.25, 6.125, 13.125], "texture": "#6", "tintindex": 0},
				"down": {"uv": [6.375, 13.125, 6.25, 13.25], "texture": "#6"}
			}
		},
		{
			"from": [-7.5, 21, -0.25],
			"to": [-7, 22, 0.75],
			"rotation": {"angle": 0, "axis": "y", "origin": [-7.5, 21, -0.25]},
			"faces": {
				"north": {"uv": [6.375, 13.125, 6.5, 13.25], "texture": "#6", "tintindex": 0},
				"east": {"uv": [6.5, 13.125, 6.625, 13.25], "texture": "#6"},
				"south": {"uv": [6.625, 13.125, 6.75, 13.25], "texture": "#6"},
				"west": {"uv": [6.75, 13.125, 6.875, 13.25], "texture": "#6", "tintindex": 0},
				"up": {"uv": [7, 13.25, 6.875, 13.125], "texture": "#6", "tintindex": 0},
				"down": {"uv": [7.125, 13.125, 7, 13.25], "texture": "#6"}
			}
		},
		{
			"from": [-7.5, 19, -1.25],
			"to": [-7, 20, -0.25],
			"rotation": {"angle": 0, "axis": "y", "origin": [-7.5, 19, -1.25]},
			"faces": {
				"north": {"uv": [7.125, 13.125, 7.25, 13.25], "texture": "#6", "tintindex": 0},
				"east": {"uv": [7.25, 13.125, 7.375, 13.25], "texture": "#6"},
				"south": {"uv": [7.375, 13.125, 7.5, 13.25], "texture": "#6"},
				"west": {"uv": [7.5, 13.125, 7.625, 13.25], "texture": "#6", "tintindex": 0},
				"up": {"uv": [13.25, 7.625, 13.125, 7.5], "texture": "#6", "tintindex": 0},
				"down": {"uv": [7.75, 13.125, 7.625, 13.25], "texture": "#6"}
			}
		},
		{
			"from": [-7.5, 20, -0.75],
			"to": [-7, 21, 0.25],
			"rotation": {"angle": 0, "axis": "y", "origin": [-7.5, 20, -0.75]},
			"faces": {
				"north": {"uv": [13.125, 7.625, 13.25, 7.75], "texture": "#6", "tintindex": 0},
				"east": {"uv": [7.75, 13.125, 7.875, 13.25], "texture": "#6"},
				"south": {"uv": [13.125, 7.75, 13.25, 7.875], "texture": "#6"},
				"west": {"uv": [7.875, 13.125, 8, 13.25], "texture": "#6", "tintindex": 0},
				"up": {"uv": [13.25, 8, 13.125, 7.875], "texture": "#6", "tintindex": 0},
				"down": {"uv": [8.125, 13.125, 8, 13.25], "texture": "#6"}
			}
		},
		{
			"from": [-7.5, 22, 0.25],
			"to": [-7, 23, 1.25],
			"rotation": {"angle": 0, "axis": "y", "origin": [-7.5, 22, 0.25]},
			"faces": {
				"north": {"uv": [13.125, 8, 13.25, 8.125], "texture": "#6", "tintindex": 0},
				"east": {"uv": [8.125, 13.125, 8.25, 13.25], "texture": "#6"},
				"south": {"uv": [13.125, 8.125, 13.25, 8.25], "texture": "#6"},
				"west": {"uv": [8.25, 13.125, 8.375, 13.25], "texture": "#6", "tintindex": 0},
				"up": {"uv": [13.25, 8.375, 13.125, 8.25], "texture": "#6", "tintindex": 0},
				"down": {"uv": [13.25, 8.375, 13.125, 8.5], "texture": "#6"}
			}
		},
		{
			"from": [-7.5, 25, 1.75],
			"to": [-7, 26, 2.75],
			"rotation": {"angle": 0, "axis": "y", "origin": [-7.5, 25, 1.75]},
			"faces": {
				"north": {"uv": [13.125, 8.5, 13.25, 8.625], "texture": "#6", "tintindex": 0},
				"east": {"uv": [13.125, 8.625, 13.25, 8.75], "texture": "#6"},
				"south": {"uv": [13.125, 8.75, 13.25, 8.875], "texture": "#6"},
				"west": {"uv": [13.125, 8.875, 13.25, 9], "texture": "#6", "tintindex": 0},
				"up": {"uv": [13.25, 9.125, 13.125, 9], "texture": "#6", "tintindex": 0},
				"down": {"uv": [9.25, 13.125, 9.125, 13.25], "texture": "#6"}
			}
		},
		{
			"from": [-7.5, 23, 0.75],
			"to": [-7, 24, 1.75],
			"rotation": {"angle": 0, "axis": "y", "origin": [-7.5, 23, 0.75]},
			"faces": {
				"north": {"uv": [13.125, 9.125, 13.25, 9.25], "texture": "#6", "tintindex": 0},
				"east": {"uv": [9.25, 13.125, 9.375, 13.25], "texture": "#6"},
				"south": {"uv": [9.375, 13.125, 9.5, 13.25], "texture": "#6"},
				"west": {"uv": [9.5, 13.125, 9.625, 13.25], "texture": "#6", "tintindex": 0},
				"up": {"uv": [9.75, 13.25, 9.625, 13.125], "texture": "#6", "tintindex": 0},
				"down": {"uv": [9.875, 13.125, 9.75, 13.25], "texture": "#6"}
			}
		},
		{
			"from": [-7.5, 24, 1.25],
			"to": [-7, 25, 2.25],
			"rotation": {"angle": 0, "axis": "y", "origin": [-7.5, 24, 1.25]},
			"faces": {
				"north": {"uv": [9.875, 13.125, 10, 13.25], "texture": "#6", "tintindex": 0},
				"east": {"uv": [10, 13.125, 10.125, 13.25], "texture": "#6"},
				"south": {"uv": [10.125, 13.125, 10.25, 13.25], "texture": "#6"},
				"west": {"uv": [10.25, 13.125, 10.375, 13.25], "texture": "#6", "tintindex": 0},
				"up": {"uv": [13.25, 11.375, 13.125, 11.25], "texture": "#6", "tintindex": 0},
				"down": {"uv": [13.25, 11.375, 13.125, 11.5], "texture": "#6"}
			}
		},
		{
			"from": [-7.5, 26, 2.25],
			"to": [-7, 27, 28.25],
			"rotation": {"angle": 0, "axis": "y", "origin": [-7.5, 26, 2.25]},
			"faces": {
				"north": {"uv": [13.125, 11.5, 13.25, 11.625], "texture": "#6", "tintindex": 0},
				"east": {"uv": [12.125, 7.375, 15.375, 7.5], "texture": "#6"},
				"south": {"uv": [13.125, 11.625, 13.25, 11.75], "texture": "#6"},
				"west": {"uv": [9, 12.125, 12.25, 12.25], "texture": "#6", "tintindex": 0},
				"up": {"uv": [4, 15.125, 3.875, 11.875], "texture": "#6", "tintindex": 0},
				"down": {"uv": [4.125, 11.875, 4, 15.125], "texture": "#6"}
			}
		},
		{
			"from": [23, 15, -3.25],
			"to": [23.5, 16, -2.25],
			"rotation": {"angle": 0, "axis": "y", "origin": [23, 15, -3.25]},
			"faces": {
				"north": {"uv": [13.125, 12.125, 13.25, 12.25], "texture": "#6", "tintindex": 0},
				"east": {"uv": [13.125, 12.25, 13.25, 12.375], "texture": "#6", "tintindex": 0},
				"south": {"uv": [12.375, 13.125, 12.5, 13.25], "texture": "#6"},
				"west": {"uv": [13.125, 12.375, 13.25, 12.5], "texture": "#6"},
				"up": {"uv": [12.625, 13.25, 12.5, 13.125], "texture": "#6", "tintindex": 0},
				"down": {"uv": [13.25, 12.5, 13.125, 12.625], "texture": "#6"}
			}
		},
		{
			"from": [23, 16, -2.75],
			"to": [23.5, 17, -1.75],
			"rotation": {"angle": 0, "axis": "y", "origin": [23, 16, -2.75]},
			"faces": {
				"north": {"uv": [12.625, 13.125, 12.75, 13.25], "texture": "#6", "tintindex": 0},
				"east": {"uv": [13.125, 12.625, 13.25, 12.75], "texture": "#6", "tintindex": 0},
				"south": {"uv": [12.75, 13.125, 12.875, 13.25], "texture": "#6"},
				"west": {"uv": [13.125, 12.75, 13.25, 12.875], "texture": "#6"},
				"up": {"uv": [13, 13.25, 12.875, 13.125], "texture": "#6", "tintindex": 0},
				"down": {"uv": [13.25, 12.875, 13.125, 13], "texture": "#6"}
			}
		},
		{
			"from": [23, 18, -1.75],
			"to": [23.5, 19, -0.75],
			"rotation": {"angle": 0, "axis": "y", "origin": [23, 18, -1.75]},
			"faces": {
				"north": {"uv": [13, 13.125, 13.125, 13.25], "texture": "#6", "tintindex": 0},
				"east": {"uv": [13.125, 13, 13.25, 13.125], "texture": "#6", "tintindex": 0},
				"south": {"uv": [13.125, 13.125, 13.25, 13.25], "texture": "#6"},
				"west": {"uv": [0.375, 13.25, 0.5, 13.375], "texture": "#6"},
				"up": {"uv": [0.625, 13.375, 0.5, 13.25], "texture": "#6", "tintindex": 0},
				"down": {"uv": [0.75, 13.25, 0.625, 13.375], "texture": "#6"}
			}
		},
		{
			"from": [23, 17, -2.25],
			"to": [23.5, 18, -1.25],
			"rotation": {"angle": 0, "axis": "y", "origin": [23, 17, -2.25]},
			"faces": {
				"north": {"uv": [0.75, 13.25, 0.875, 13.375], "texture": "#6", "tintindex": 0},
				"east": {"uv": [0.875, 13.25, 1, 13.375], "texture": "#6", "tintindex": 0},
				"south": {"uv": [1, 13.25, 1.125, 13.375], "texture": "#6"},
				"west": {"uv": [1.125, 13.25, 1.25, 13.375], "texture": "#6"},
				"up": {"uv": [1.375, 13.375, 1.25, 13.25], "texture": "#6", "tintindex": 0},
				"down": {"uv": [1.5, 13.25, 1.375, 13.375], "texture": "#6"}
			}
		},
		{
			"from": [23, 21, -0.25],
			"to": [23.5, 22, 0.75],
			"rotation": {"angle": 0, "axis": "y", "origin": [23, 21, -0.25]},
			"faces": {
				"north": {"uv": [1.5, 13.25, 1.625, 13.375], "texture": "#6", "tintindex": 0},
				"east": {"uv": [1.625, 13.25, 1.75, 13.375], "texture": "#6", "tintindex": 0},
				"south": {"uv": [1.75, 13.25, 1.875, 13.375], "texture": "#6"},
				"west": {"uv": [1.875, 13.25, 2, 13.375], "texture": "#6"},
				"up": {"uv": [2.125, 13.375, 2, 13.25], "texture": "#6", "tintindex": 0},
				"down": {"uv": [13.375, 2.5, 13.25, 2.625], "texture": "#6"}
			}
		},
		{
			"from": [23, 19, -1.25],
			"to": [23.5, 20, -0.25],
			"rotation": {"angle": 0, "axis": "y", "origin": [23, 19, -1.25]},
			"faces": {
				"north": {"uv": [13.25, 2.625, 13.375, 2.75], "texture": "#6", "tintindex": 0},
				"east": {"uv": [13.25, 2.75, 13.375, 2.875], "texture": "#6", "tintindex": 0},
				"south": {"uv": [13.25, 2.875, 13.375, 3], "texture": "#6"},
				"west": {"uv": [13.25, 3, 13.375, 3.125], "texture": "#6"},
				"up": {"uv": [3.25, 13.375, 3.125, 13.25], "texture": "#6", "tintindex": 0},
				"down": {"uv": [13.375, 3.125, 13.25, 3.25], "texture": "#6"}
			}
		},
		{
			"from": [23, 20, -0.75],
			"to": [23.5, 21, 0.25],
			"rotation": {"angle": 0, "axis": "y", "origin": [23, 20, -0.75]},
			"faces": {
				"north": {"uv": [13.25, 3.25, 13.375, 3.375], "texture": "#6", "tintindex": 0},
				"east": {"uv": [5.125, 13.25, 5.25, 13.375], "texture": "#6", "tintindex": 0},
				"south": {"uv": [5.25, 13.25, 5.375, 13.375], "texture": "#6"},
				"west": {"uv": [5.375, 13.25, 5.5, 13.375], "texture": "#6"},
				"up": {"uv": [5.625, 13.375, 5.5, 13.25], "texture": "#6", "tintindex": 0},
				"down": {"uv": [5.75, 13.25, 5.625, 13.375], "texture": "#6"}
			}
		},
		{
			"from": [23, 22, 0.25],
			"to": [23.5, 23, 1.25],
			"rotation": {"angle": 0, "axis": "y", "origin": [23, 22, 0.25]},
			"faces": {
				"north": {"uv": [5.75, 13.25, 5.875, 13.375], "texture": "#6", "tintindex": 0},
				"east": {"uv": [5.875, 13.25, 6, 13.375], "texture": "#6", "tintindex": 0},
				"south": {"uv": [6, 13.25, 6.125, 13.375], "texture": "#6"},
				"west": {"uv": [6.125, 13.25, 6.25, 13.375], "texture": "#6"},
				"up": {"uv": [6.375, 13.375, 6.25, 13.25], "texture": "#6", "tintindex": 0},
				"down": {"uv": [6.5, 13.25, 6.375, 13.375], "texture": "#6"}
			}
		},
		{
			"from": [23, 25, 1.75],
			"to": [23.5, 26, 2.75],
			"rotation": {"angle": 0, "axis": "y", "origin": [23, 25, 1.75]},
			"faces": {
				"north": {"uv": [6.5, 13.25, 6.625, 13.375], "texture": "#6", "tintindex": 0},
				"east": {"uv": [6.625, 13.25, 6.75, 13.375], "texture": "#6", "tintindex": 0},
				"south": {"uv": [6.75, 13.25, 6.875, 13.375], "texture": "#6"},
				"west": {"uv": [6.875, 13.25, 7, 13.375], "texture": "#6"},
				"up": {"uv": [7.125, 13.375, 7, 13.25], "texture": "#6", "tintindex": 0},
				"down": {"uv": [7.25, 13.25, 7.125, 13.375], "texture": "#6"}
			}
		},
		{
			"from": [23, 23, 0.75],
			"to": [23.5, 24, 1.75],
			"rotation": {"angle": 0, "axis": "y", "origin": [23, 23, 0.75]},
			"faces": {
				"north": {"uv": [7.25, 13.25, 7.375, 13.375], "texture": "#6", "tintindex": 0},
				"east": {"uv": [7.375, 13.25, 7.5, 13.375], "texture": "#6", "tintindex": 0},
				"south": {"uv": [7.5, 13.25, 7.625, 13.375], "texture": "#6"},
				"west": {"uv": [13.25, 7.5, 13.375, 7.625], "texture": "#6"},
				"up": {"uv": [7.75, 13.375, 7.625, 13.25], "texture": "#6", "tintindex": 0},
				"down": {"uv": [13.375, 7.625, 13.25, 7.75], "texture": "#6"}
			}
		},
		{
			"from": [23, 24, 1.25],
			"to": [23.5, 25, 2.25],
			"rotation": {"angle": 0, "axis": "y", "origin": [23, 24, 1.25]},
			"faces": {
				"north": {"uv": [7.75, 13.25, 7.875, 13.375], "texture": "#6", "tintindex": 0},
				"east": {"uv": [13.25, 7.75, 13.375, 7.875], "texture": "#6", "tintindex": 0},
				"south": {"uv": [7.875, 13.25, 8, 13.375], "texture": "#6"},
				"west": {"uv": [13.25, 7.875, 13.375, 8], "texture": "#6"},
				"up": {"uv": [8.125, 13.375, 8, 13.25], "texture": "#6", "tintindex": 0},
				"down": {"uv": [13.375, 8, 13.25, 8.125], "texture": "#6"}
			}
		},
		{
			"from": [23, 26, 2.25],
			"to": [23.5, 27, 28.25],
			"rotation": {"angle": 0, "axis": "y", "origin": [23, 26, 2.25]},
			"faces": {
				"north": {"uv": [8.125, 13.25, 8.25, 13.375], "texture": "#6", "tintindex": 0},
				"east": {"uv": [0, 12.25, 3.25, 12.375], "texture": "#6", "tintindex": 0},
				"south": {"uv": [13.25, 8.125, 13.375, 8.25], "texture": "#6"},
				"west": {"uv": [5.125, 12.25, 8.375, 12.375], "texture": "#6"},
				"up": {"uv": [3.375, 15.5, 3.25, 12.25], "texture": "#6", "tintindex": 0},
				"down": {"uv": [3.5, 12.25, 3.375, 15.5], "texture": "#6"}
			}
		},
		{
			"from": [-7.5, 13, -3.75],
			"to": [23.5, 15, -2.75],
			"rotation": {"angle": 0, "axis": "y", "origin": [-7.5, 13, -3.75]},
			"faces": {
				"north": {"uv": [11.625, 10.625, 15.5, 10.875], "texture": "#6", "tintindex": 0},
				"east": {"uv": [1.25, 12.875, 1.375, 13.125], "texture": "#6", "tintindex": 0},
				"south": {"uv": [11.625, 10.875, 15.5, 11.125], "texture": "#6"},
				"west": {"uv": [1.375, 12.875, 1.5, 13.125], "texture": "#6", "tintindex": 0},
				"up": {"uv": [15.875, 9.75, 12, 9.625], "texture": "#6", "tintindex": 0},
				"down": {"uv": [15.875, 9.75, 12, 9.875], "texture": "#6"}
			}
		},
		{
			"from": [-7.5, 13, -13.75],
			"to": [23.5, 13.25, -11.75],
			"rotation": {"angle": 0, "axis": "y", "origin": [-7.75, 11.25, -13.75]},
			"faces": {
				"north": {"uv": [12, 9.875, 15.875, 10], "texture": "#6", "tintindex": 0},
				"east": {"uv": [1.5, 12.875, 1.75, 13], "texture": "#6", "tintindex": 0},
				"south": {"uv": [12, 10, 15.875, 10.125], "texture": "#6"},
				"west": {"uv": [1.75, 12.875, 2, 13], "texture": "#6", "tintindex": 0},
				"up": {"uv": [15.625, 3.875, 11.75, 3.625], "texture": "#6", "tintindex": 0},
				"down": {"uv": [15.625, 3.875, 11.75, 4.125], "texture": "#6"}
			}
		},
		{
			"from": [-7.5, 13, -11.75],
			"to": [23.5, 13.5, -9.75],
			"rotation": {"angle": 0, "axis": "y", "origin": [-7.75, 11.5, -12.5]},
			"faces": {
				"north": {"uv": [11.625, 12, 15.5, 12.125], "texture": "#6", "tintindex": 0},
				"east": {"uv": [12.875, 2.625, 13.125, 2.75], "texture": "#6", "tintindex": 0},
				"south": {"uv": [0, 12.125, 3.875, 12.25], "texture": "#6"},
				"west": {"uv": [12.875, 2.75, 13.125, 2.875], "texture": "#6", "tintindex": 0},
				"up": {"uv": [15.625, 4.375, 11.75, 4.125], "texture": "#6", "tintindex": 0},
				"down": {"uv": [15.625, 4.375, 11.75, 4.625], "texture": "#6"}
			}
		},
		{
			"from": [-7.5, 13, -9.75],
			"to": [23.5, 13.75, -7.75],
			"rotation": {"angle": 0, "axis": "y", "origin": [-7.75, 11.75, -10.5]},
			"faces": {
				"north": {"uv": [5.125, 12.125, 9, 12.25], "texture": "#6", "tintindex": 0},
				"east": {"uv": [12.875, 2.875, 13.125, 3], "texture": "#6", "tintindex": 0},
				"south": {"uv": [12.125, 5.75, 16, 5.875], "texture": "#6"},
				"west": {"uv": [12.875, 3, 13.125, 3.125], "texture": "#6", "tintindex": 0},
				"up": {"uv": [15.625, 4.875, 11.75, 4.625], "texture": "#6", "tintindex": 0},
				"down": {"uv": [15.625, 4.875, 11.75, 5.125], "texture": "#6"}
			}
		},
		{
			"from": [-7.5, 13, -7.75],
			"to": [23.5, 14, -5.75],
			"rotation": {"angle": 0, "axis": "y", "origin": [-7.75, 12, -8.5]},
			"faces": {
				"north": {"uv": [12.125, 5.875, 16, 6], "texture": "#6", "tintindex": 0},
				"east": {"uv": [12.875, 3.125, 13.125, 3.25], "texture": "#6", "tintindex": 0},
				"south": {"uv": [12.125, 6, 16, 6.125], "texture": "#6"},
				"west": {"uv": [12.875, 3.25, 13.125, 3.375], "texture": "#6", "tintindex": 0},
				"up": {"uv": [15.625, 5.375, 11.75, 5.125], "texture": "#6", "tintindex": 0},
				"down": {"uv": [15.625, 5.375, 11.75, 5.625], "texture": "#6"}
			}
		},
		{
			"from": [-7.5, 13, -5.75],
			"to": [23.5, 14.25, -3.75],
			"rotation": {"angle": 0, "axis": "y", "origin": [-7.75, 12.25, -6.5]},
			"faces": {
				"north": {"uv": [12.125, 6.125, 16, 6.25], "texture": "#6", "tintindex": 0},
				"east": {"uv": [12.875, 7.5, 13.125, 7.625], "texture": "#6", "tintindex": 0},
				"south": {"uv": [12.125, 6.25, 16, 6.375], "texture": "#6"},
				"west": {"uv": [7.625, 12.875, 7.875, 13], "texture": "#6", "tintindex": 0},
				"up": {"uv": [11.625, 12, 7.75, 11.75], "texture": "#6", "tintindex": 0},
				"down": {"uv": [15.5, 11.75, 11.625, 12], "texture": "#6"}
			}
		},
		{
			"from": [3, 18, 10.25],
			"to": [3.5, 20, 10.75],
			"rotation": {"angle": 0, "axis": "y", "origin": [3, 16, 10.25]},
			"color": 6,
			"faces": {
				"north": {"uv": [0, 0, 0.0625, 0.25], "texture": "#missing"},
				"east": {"uv": [0, 0, 0.0625, 0.25], "texture": "#missing"},
				"south": {"uv": [0, 0, 0.0625, 0.25], "texture": "#missing"},
				"west": {"uv": [0, 0, 0.0625, 0.25], "texture": "#missing"},
				"up": {"uv": [0, 0, 0.0625, 0.0625], "texture": "#missing"},
				"down": {"uv": [0, 0, 0.0625, 0.0625], "texture": "#missing"}
			}
		},
		{
			"from": [-3, 18, 10.25],
			"to": [-2.5, 20, 10.75],
			"rotation": {"angle": 0, "axis": "y", "origin": [-3, 16, 10.25]},
			"color": 6,
			"faces": {
				"north": {"uv": [0, 0, 0.0625, 0.25], "texture": "#missing"},
				"east": {"uv": [0, 0, 0.0625, 0.25], "texture": "#missing"},
				"south": {"uv": [0, 0, 0.0625, 0.25], "texture": "#missing"},
				"west": {"uv": [0, 0, 0.0625, 0.25], "texture": "#missing"},
				"up": {"uv": [0, 0, 0.0625, 0.0625], "texture": "#missing"},
				"down": {"uv": [0, 0, 0.0625, 0.0625], "texture": "#missing"}
			}
		},
		{
			"from": [-4, 20, 9.5],
			"to": [5, 23, 11.5],
			"rotation": {"angle": 0, "axis": "y", "origin": [-4, 20, 9.5]},
			"color": 4,
			"faces": {
				"north": {"uv": [0, 0, 1.125, 0.375], "texture": "#missing"},
				"east": {"uv": [0, 0, 0.25, 0.375], "texture": "#missing"},
				"south": {"uv": [0, 0, 1.125, 0.375], "texture": "#missing"},
				"west": {"uv": [0, 0, 0.25, 0.375], "texture": "#missing"},
				"up": {"uv": [0, 0, 1.125, 0.25], "texture": "#missing"},
				"down": {"uv": [0, 0, 1.125, 0.25], "texture": "#missing"}
			}
		},
		{
			"from": [3, 18, 23.25],
			"to": [3.5, 20, 23.75],
			"rotation": {"angle": 0, "axis": "y", "origin": [3, 16, 23.25]},
			"color": 6,
			"faces": {
				"north": {"uv": [0, 0, 0.0625, 0.25], "texture": "#missing"},
				"east": {"uv": [0, 0, 0.0625, 0.25], "texture": "#missing"},
				"south": {"uv": [0, 0, 0.0625, 0.25], "texture": "#missing"},
				"west": {"uv": [0, 0, 0.0625, 0.25], "texture": "#missing"},
				"up": {"uv": [0, 0, 0.0625, 0.0625], "texture": "#missing"},
				"down": {"uv": [0, 0, 0.0625, 0.0625], "texture": "#missing"}
			}
		},
		{
			"from": [-3, 18, 23.25],
			"to": [-2.5, 20, 23.75],
			"rotation": {"angle": 0, "axis": "y", "origin": [-3, 16, 23.25]},
			"color": 6,
			"faces": {
				"north": {"uv": [0, 0, 0.0625, 0.25], "texture": "#missing"},
				"east": {"uv": [0, 0, 0.0625, 0.25], "texture": "#missing"},
				"south": {"uv": [0, 0, 0.0625, 0.25], "texture": "#missing"},
				"west": {"uv": [0, 0, 0.0625, 0.25], "texture": "#missing"},
				"up": {"uv": [0, 0, 0.0625, 0.0625], "texture": "#missing"},
				"down": {"uv": [0, 0, 0.0625, 0.0625], "texture": "#missing"}
			}
		},
		{
			"from": [-4, 20, 22.5],
			"to": [5, 23, 24.5],
			"rotation": {"angle": 0, "axis": "y", "origin": [-4, 20, 22.5]},
			"color": 4,
			"faces": {
				"north": {"uv": [0, 0, 1.125, 0.375], "texture": "#missing"},
				"east": {"uv": [0, 0, 0.25, 0.375], "texture": "#missing"},
				"south": {"uv": [0, 0, 1.125, 0.375], "texture": "#missing"},
				"west": {"uv": [0, 0, 0.25, 0.375], "texture": "#missing"},
				"up": {"uv": [0, 0, 1.125, 0.25], "texture": "#missing"},
				"down": {"uv": [0, 0, 1.125, 0.25], "texture": "#missing"}
			}
		},
		{
			"from": [18, 18, 10.25],
			"to": [18.5, 20, 10.75],
			"rotation": {"angle": 0, "axis": "y", "origin": [18, 16, 10.25]},
			"color": 6,
			"faces": {
				"north": {"uv": [0, 0, 0.0625, 0.25], "texture": "#missing"},
				"east": {"uv": [0, 0, 0.0625, 0.25], "texture": "#missing"},
				"south": {"uv": [0, 0, 0.0625, 0.25], "texture": "#missing"},
				"west": {"uv": [0, 0, 0.0625, 0.25], "texture": "#missing"},
				"up": {"uv": [0, 0, 0.0625, 0.0625], "texture": "#missing"},
				"down": {"uv": [0, 0, 0.0625, 0.0625], "texture": "#missing"}
			}
		},
		{
			"from": [12, 18, 10.25],
			"to": [12.5, 20, 10.75],
			"rotation": {"angle": 0, "axis": "y", "origin": [12, 16, 10.25]},
			"color": 6,
			"faces": {
				"north": {"uv": [0, 0, 0.0625, 0.25], "texture": "#missing"},
				"east": {"uv": [0, 0, 0.0625, 0.25], "texture": "#missing"},
				"south": {"uv": [0, 0, 0.0625, 0.25], "texture": "#missing"},
				"west": {"uv": [0, 0, 0.0625, 0.25], "texture": "#missing"},
				"up": {"uv": [0, 0, 0.0625, 0.0625], "texture": "#missing"},
				"down": {"uv": [0, 0, 0.0625, 0.0625], "texture": "#missing"}
			}
		},
		{
			"from": [11, 20, 9.5],
			"to": [20, 23, 11.5],
			"rotation": {"angle": 0, "axis": "y", "origin": [11, 20, 9.5]},
			"color": 4,
			"faces": {
				"north": {"uv": [0, 0, 1.125, 0.375], "texture": "#missing"},
				"east": {"uv": [0, 0, 0.25, 0.375], "texture": "#missing"},
				"south": {"uv": [0, 0, 1.125, 0.375], "texture": "#missing"},
				"west": {"uv": [0, 0, 0.25, 0.375], "texture": "#missing"},
				"up": {"uv": [0, 0, 1.125, 0.25], "texture": "#missing"},
				"down": {"uv": [0, 0, 1.125, 0.25], "texture": "#missing"}
			}
		},
		{
			"from": [18, 18, 23.25],
			"to": [18.5, 20, 23.75],
			"rotation": {"angle": 0, "axis": "y", "origin": [18, 16, 23.25]},
			"color": 6,
			"faces": {
				"north": {"uv": [0, 0, 0.0625, 0.25], "texture": "#missing"},
				"east": {"uv": [0, 0, 0.0625, 0.25], "texture": "#missing"},
				"south": {"uv": [0, 0, 0.0625, 0.25], "texture": "#missing"},
				"west": {"uv": [0, 0, 0.0625, 0.25], "texture": "#missing"},
				"up": {"uv": [0, 0, 0.0625, 0.0625], "texture": "#missing"},
				"down": {"uv": [0, 0, 0.0625, 0.0625], "texture": "#missing"}
			}
		},
		{
			"from": [12, 18, 23.25],
			"to": [12.5, 20, 23.75],
			"rotation": {"angle": 0, "axis": "y", "origin": [12, 16, 23.25]},
			"color": 6,
			"faces": {
				"north": {"uv": [0, 0, 0.0625, 0.25], "texture": "#missing"},
				"east": {"uv": [0, 0, 0.0625, 0.25], "texture": "#missing"},
				"south": {"uv": [0, 0, 0.0625, 0.25], "texture": "#missing"},
				"west": {"uv": [0, 0, 0.0625, 0.25], "texture": "#missing"},
				"up": {"uv": [0, 0, 0.0625, 0.0625], "texture": "#missing"},
				"down": {"uv": [0, 0, 0.0625, 0.0625], "texture": "#missing"}
			}
		},
		{
			"from": [11, 20, 22.5],
			"to": [20, 23, 24.5],
			"rotation": {"angle": 0, "axis": "y", "origin": [11, 20, 22.5]},
			"color": 4,
			"faces": {
				"north": {"uv": [0, 0, 1.125, 0.375], "texture": "#missing"},
				"east": {"uv": [0, 0, 0.25, 0.375], "texture": "#missing"},
				"south": {"uv": [0, 0, 1.125, 0.375], "texture": "#missing"},
				"west": {"uv": [0, 0, 0.25, 0.375], "texture": "#missing"},
				"up": {"uv": [0, 0, 1.125, 0.25], "texture": "#missing"},
				"down": {"uv": [0, 0, 1.125, 0.25], "texture": "#missing"}
			}
		},
		{
			"from": [-3, 10, -4],
			"to": [-1, 11, -1],
			"rotation": {"angle": 45, "axis": "x", "origin": [-3, 10, -4]},
			"color": 6,
			"faces": {
				"north": {"uv": [0, 0, 0.25, 0.125], "texture": "#missing"},
				"east": {"uv": [0, 0, 0.375, 0.125], "texture": "#missing"},
				"south": {"uv": [0, 0, 0.25, 0.125], "texture": "#missing"},
				"west": {"uv": [0, 0, 0.375, 0.125], "texture": "#missing"},
				"up": {"uv": [0, 0, 0.25, 0.375], "texture": "#missing"},
				"down": {"uv": [0, 0, 0.25, 0.375], "texture": "#missing"}
			}
		},
		{
			"from": [0.5, 9.5, -4],
			"to": [1.5, 10.5, -1],
			"rotation": {"angle": 45, "axis": "x", "origin": [0.5, 9.5, -4]},
			"color": 6,
			"faces": {
				"north": {"uv": [0, 0, 0.125, 0.125], "texture": "#missing"},
				"east": {"uv": [0, 0, 0.375, 0.125], "texture": "#missing"},
				"south": {"uv": [0, 0, 0.125, 0.125], "texture": "#missing"},
				"west": {"uv": [0, 0, 0.375, 0.125], "texture": "#missing"},
				"up": {"uv": [0, 0, 0.125, 0.375], "texture": "#missing"},
				"down": {"uv": [0, 0, 0.125, 0.375], "texture": "#missing"}
			}
		},
		{
			"from": [-2, 12, 1],
			"to": [3, 14, 2],
			"rotation": {"angle": 0, "axis": "y", "origin": [-2, 12, 1]},
			"color": 8,
			"faces": {
				"north": {"uv": [0, 0, 0.625, 0.25], "texture": "#missing"},
				"east": {"uv": [0, 0, 0.125, 0.25], "texture": "#missing"},
				"south": {"uv": [0, 0, 0.625, 0.25], "texture": "#missing"},
				"west": {"uv": [0, 0, 0.125, 0.25], "texture": "#missing"},
				"up": {"uv": [0, 0, 0.625, 0.125], "texture": "#missing"},
				"down": {"uv": [0, 0, 0.625, 0.125], "texture": "#missing"}
			}
		},
		{
			"from": [0, 11, 1],
			"to": [1, 12, 2],
			"rotation": {"angle": 0, "axis": "y", "origin": [0, 11, 1]},
			"color": 1,
			"faces": {
				"north": {"uv": [0, 0, 0.125, 0.125], "texture": "#missing"},
				"east": {"uv": [0, 0, 0.125, 0.125], "texture": "#missing"},
				"south": {"uv": [0, 0, 0.125, 0.125], "texture": "#missing"},
				"west": {"uv": [0, 0, 0.125, 0.125], "texture": "#missing"},
				"up": {"uv": [0, 0, 0.125, 0.125], "texture": "#missing"},
				"down": {"uv": [0, 0, 0.125, 0.125], "texture": "#missing"}
			}
		},
		{
			"from": [-2, 10, 1],
			"to": [3, 11, 2],
			"rotation": {"angle": 0, "axis": "y", "origin": [-2, 10, 1]},
			"color": 5,
			"faces": {
				"north": {"uv": [0, 0, 0.625, 0.125], "texture": "#missing"},
				"east": {"uv": [0, 0, 0.125, 0.125], "texture": "#missing"},
				"south": {"uv": [0, 0, 0.625, 0.125], "texture": "#missing"},
				"west": {"uv": [0, 0, 0.125, 0.125], "texture": "#missing"},
				"up": {"uv": [0, 0, 0.625, 0.125], "texture": "#missing"},
				"down": {"uv": [0, 0, 0.625, 0.125], "texture": "#missing"}
			}
		},
		{
			"from": [-2, 16, 1],
			"to": [3, 17, 2],
			"rotation": {"angle": 0, "axis": "y", "origin": [-2, 16, 1]},
			"color": 5,
			"faces": {
				"north": {"uv": [0, 0, 0.625, 0.125], "texture": "#missing"},
				"east": {"uv": [0, 0, 0.125, 0.125], "texture": "#missing"},
				"south": {"uv": [0, 0, 0.625, 0.125], "texture": "#missing"},
				"west": {"uv": [0, 0, 0.125, 0.125], "texture": "#missing"},
				"up": {"uv": [0, 0, 0.625, 0.125], "texture": "#missing"},
				"down": {"uv": [0, 0, 0.625, 0.125], "texture": "#missing"}
			}
		},
		{
			"from": [-3, 11, 1],
			"to": [-2, 16, 2],
			"rotation": {"angle": 0, "axis": "y", "origin": [-3, 11, 1]},
			"color": 5,
			"faces": {
				"north": {"uv": [0, 0, 0.125, 0.625], "texture": "#missing"},
				"east": {"uv": [0, 0, 0.125, 0.625], "texture": "#missing"},
				"south": {"uv": [0, 0, 0.125, 0.625], "texture": "#missing"},
				"west": {"uv": [0, 0, 0.125, 0.625], "texture": "#missing"},
				"up": {"uv": [0, 0, 0.125, 0.125], "texture": "#missing"},
				"down": {"uv": [0, 0, 0.125, 0.125], "texture": "#missing"}
			}
		},
		{
			"from": [3, 11, 1],
			"to": [4, 16, 2],
			"rotation": {"angle": 0, "axis": "y", "origin": [3, 11, 1]},
			"color": 5,
			"faces": {
				"north": {"uv": [0, 0, 0.125, 0.625], "texture": "#missing"},
				"east": {"uv": [0, 0, 0.125, 0.625], "texture": "#missing"},
				"south": {"uv": [0, 0, 0.125, 0.625], "texture": "#missing"},
				"west": {"uv": [0, 0, 0.125, 0.625], "texture": "#missing"},
				"up": {"uv": [0, 0, 0.125, 0.125], "texture": "#missing"},
				"down": {"uv": [0, 0, 0.125, 0.125], "texture": "#missing"}
			}
		},
		{
			"from": [0, 13, -3],
			"to": [1, 14, 1],
			"rotation": {"angle": 0, "axis": "y", "origin": [0, 13, -3]},
			"color": 2,
			"faces": {
				"north": {"uv": [0, 0, 0.125, 0.125], "texture": "#missing"},
				"east": {"uv": [0, 0, 0.5, 0.125], "texture": "#missing"},
				"south": {"uv": [0, 0, 0.125, 0.125], "texture": "#missing"},
				"west": {"uv": [0, 0, 0.5, 0.125], "texture": "#missing"},
				"up": {"uv": [0, 0, 0.125, 0.5], "texture": "#missing"},
				"down": {"uv": [0, 0, 0.125, 0.5], "texture": "#missing"}
			}
		},
		{
			"from": [-5, 6, 2],
			"to": [6, 9, 11],
			"rotation": {"angle": 0, "axis": "y", "origin": [-5, 6, 2]},
			"color": 2,
			"faces": {
				"north": {"uv": [0, 0, 1.375, 0.375], "texture": "#missing"},
				"east": {"uv": [0, 0, 1.125, 0.375], "texture": "#missing"},
				"south": {"uv": [0, 0, 1.375, 0.375], "texture": "#missing"},
				"west": {"uv": [0, 0, 1.125, 0.375], "texture": "#missing"},
				"up": {"uv": [0, 0, 1.375, 1.125], "texture": "#missing"},
				"down": {"uv": [0, 0, 1.375, 1.125], "texture": "#missing"}
			}
		},
		{
			"from": [-5, 9, 9.25],
			"to": [6, 18, 11.25],
			"rotation": {"angle": 0, "axis": "x", "origin": [-5, 9, 9.25]},
			"color": 2,
			"faces": {
				"north": {"uv": [0, 0, 1.375, 1.125], "texture": "#missing"},
				"east": {"uv": [0, 0, 0.25, 1.125], "texture": "#missing"},
				"south": {"uv": [0, 0, 1.375, 1.125], "texture": "#missing"},
				"west": {"uv": [0, 0, 0.25, 1.125], "texture": "#missing"},
				"up": {"uv": [0, 0, 1.375, 0.25], "texture": "#missing"},
				"down": {"uv": [0, 0, 1.375, 0.25], "texture": "#missing"}
			}
		},
		{
			"from": [-5, 9, 22.25],
			"to": [21, 18, 24.25],
			"rotation": {"angle": 0, "axis": "x", "origin": [-5, 9, 22.25]},
			"color": 2,
			"faces": {
				"north": {"uv": [0, 0, 3.25, 1.125], "texture": "#missing"},
				"east": {"uv": [0, 0, 0.25, 1.125], "texture": "#missing"},
				"south": {"uv": [0, 0, 3.25, 1.125], "texture": "#missing"},
				"west": {"uv": [0, 0, 0.25, 1.125], "texture": "#missing"},
				"up": {"uv": [0, 0, 3.25, 0.25], "texture": "#missing"},
				"down": {"uv": [0, 0, 3.25, 0.25], "texture": "#missing"}
			}
		},
		{
			"from": [10, 9, 9.25],
			"to": [21, 18, 11.25],
			"rotation": {"angle": 0, "axis": "x", "origin": [10, 9, 9.25]},
			"color": 2,
			"faces": {
				"north": {"uv": [0, 0, 1.375, 1.125], "texture": "#missing"},
				"east": {"uv": [0, 0, 0.25, 1.125], "texture": "#missing"},
				"south": {"uv": [0, 0, 1.375, 1.125], "texture": "#missing"},
				"west": {"uv": [0, 0, 0.25, 1.125], "texture": "#missing"},
				"up": {"uv": [0, 0, 1.375, 0.25], "texture": "#missing"},
				"down": {"uv": [0, 0, 1.375, 0.25], "texture": "#missing"}
			}
		},
		{
			"from": [-5, 6, 15],
			"to": [21, 9, 24],
			"rotation": {"angle": 0, "axis": "y", "origin": [-5, 6, 15]},
			"color": 2,
			"faces": {
				"north": {"uv": [0, 0, 3.25, 0.375], "texture": "#missing"},
				"east": {"uv": [0, 0, 1.125, 0.375], "texture": "#missing"},
				"south": {"uv": [0, 0, 3.25, 0.375], "texture": "#missing"},
				"west": {"uv": [0, 0, 1.125, 0.375], "texture": "#missing"},
				"up": {"uv": [0, 0, 3.25, 1.125], "texture": "#missing"},
				"down": {"uv": [0, 0, 3.25, 1.125], "texture": "#missing"}
			}
		},
		{
			"from": [10, 6, 2],
			"to": [21, 9, 11],
			"rotation": {"angle": 0, "axis": "y", "origin": [10, 6, 2]},
			"color": 2,
			"faces": {
				"north": {"uv": [0, 0, 1.375, 0.375], "texture": "#missing"},
				"east": {"uv": [0, 0, 1.125, 0.375], "texture": "#missing"},
				"south": {"uv": [0, 0, 1.375, 0.375], "texture": "#missing"},
				"west": {"uv": [0, 0, 1.125, 0.375], "texture": "#missing"},
				"up": {"uv": [0, 0, 1.375, 1.125], "texture": "#missing"},
				"down": {"uv": [0, 0, 1.375, 1.125], "texture": "#missing"}
			}
		}
	],
	"display": {
		"thirdperson_righthand": {
			"rotation": [47, 0, 0],
			"translation": [-1, 0.5, -1.25],
			"scale": [0.1, 0.1, 0.1]
		},
		"thirdperson_lefthand": {
			"rotation": [47, 0, 0],
			"translation": [1, 0.5, -1.25],
			"scale": [0.1, 0.1, 0.1]
		},
		"firstperson_righthand": {
			"scale": [0.4, 0.4, 0.4]
		},
		"firstperson_lefthand": {
			"translation": [7, 0, 2.75],
			"scale": [0.4, 0.4, 0.4]
		},
		"gui": {
			"rotation": [17, 138, -7],
			"translation": [1, -2, 0],
			"scale": [0.25, 0.25, 0.25]
		},
		"head": {
			"scale": [1.6, 1.6, 1.6]
		}
	},
	"groups": [
		{
			"name": "group",
			"origin": [8, 8, 8],
			"color": 0,
			"children": [
				{
					"name": "glass",
					"origin": [-3, 26, 2.25],
					"color": 0,
					"children": [
						0,
						1,
						2,
						3,
						4,
						5,
						6,
						7,
						8,
						9,
						10,
						11,
						{
							"name": "group",
							"origin": [-3.5, 15, 1.75],
							"color": 0,
							"children": [12, 13, 14]
						},
						{
							"name": "group",
							"origin": [-3.5, 15, 1.75],
							"color": 0,
							"children": [15, 16, 17]
						},
						18,
						19,
						20,
						21,
						22
					]
				},
				{
					"name": "tiers",
					"origin": [8, 8, 8],
					"color": 0,
					"children": [
						{
							"name": "group",
							"origin": [8, 8, 8],
							"color": 0,
							"children": [
								{
									"name": "group",
									"origin": [8, 8, 8],
									"color": 0,
									"children": [23, 24, 25, 26]
								},
								{
									"name": "group",
									"origin": [8, 8, 8],
									"color": 0,
									"children": [27, 28, 29, 30]
								}
							]
						},
						{
							"name": "group",
							"origin": [8, 8, 8],
							"color": 0,
							"children": [
								{
									"name": "group",
									"origin": [8, 8, 8],
									"color": 0,
									"children": [31, 32, 33, 34]
								},
								{
									"name": "group",
									"origin": [8, 8, 8],
									"color": 0,
									"children": [35, 36, 37, 38]
								}
							]
						},
						39,
						40,
						41,
						42,
						43,
						44,
						45,
						46,
						47,
						48
					]
				},
				{
					"name": "group",
					"origin": [0, 2, 17],
					"color": 0,
					"children": [
						{
							"name": "group",
							"origin": [0, 2, 17],
							"color": 0,
							"children": [
								{
									"name": "group",
									"origin": [-4, 2, -9],
									"color": 0,
									"children": [49, 50, 51, 52]
								},
								{
									"name": "group",
									"origin": [-4, 2, 1],
									"color": 0,
									"children": [53, 54, 55, 56]
								},
								{
									"name": "group",
									"origin": [6, 10, 30.25],
									"color": 0,
									"children": [57, 58, 59]
								}
							]
						},
						{
							"name": "group",
							"origin": [-4, 2, -9],
							"color": 0,
							"children": [
								60,
								61,
								62,
								63,
								64,
								65,
								66,
								67,
								68,
								69,
								70,
								71,
								72,
								73,
								74,
								75,
								76,
								77,
								78,
								79,
								80,
								{
									"name": "group",
									"origin": [-3.5, 21, 1.75],
									"color": 0,
									"children": [81, 82, 83, 84, 85, 86, 87, 88]
								},
								{
									"name": "group",
									"origin": [-3.5, 21, 1.75],
									"color": 0,
									"children": [89, 90, 91, 92, 93, 94, 95, 96]
								},
								{
									"name": "group",
									"origin": [-3.5, 26, 2.25],
									"color": 0,
									"children": [97, 98, 99, 100, 101, 102, 103, 104, 105, 106, 107, 108]
								},
								{
									"name": "group",
									"origin": [-3.5, 26, 2.25],
									"color": 0,
									"children": [109, 110, 111, 112, 113, 114, 115, 116, 117, 118, 119, 120]
								},
								121,
								{
									"name": "group",
									"origin": [-3.75, 12.25, -6.5],
									"color": 0,
									"children": [122, 123, 124, 125, 126]
								}
							]
						},
						{
							"name": "group",
							"origin": [8, 8, 8],
							"color": 0,
							"children": [
								{
									"name": "group",
									"origin": [-4, 20, 9.5],
									"color": 0,
									"children": [127, 128, 129]
								},
								{
									"name": "group",
									"origin": [-4, 20, 9.5],
									"color": 0,
									"children": [130, 131, 132]
								},
								{
									"name": "group",
									"origin": [-4, 20, 9.5],
									"color": 0,
									"children": [133, 134, 135]
								},
								{
									"name": "group",
									"origin": [-4, 20, 9.5],
									"color": 0,
									"children": [136, 137, 138]
								},
								139,
								140,
								{
									"name": "group",
									"origin": [3, 11, 1],
									"color": 0,
									"children": [141, 142, 143, 144, 145, 146, 147]
								},
								148,
								149,
								150,
								151,
								152,
								153
							]
						}
					]
				}
			]
		}
	]
}