{
	"credit": "Made with Blockbench",
	"texture_size": [64, 32],
	"textures": {
		"1": "item/custom/gadgets_pets"
	},
	"elements": [
		{
			"from": [5, 7.5, 11],
			"to": [11, 13.5, 15],
			"rotation": {"angle": 0, "axis": "y", "origin": [5, 8, 11]},
			"faces": {
				"north": {"uv": [3.5, 2, 5, 5], "texture": "#1"},
				"east": {"uv": [2.5, 2, 3.5, 5], "texture": "#1"},
				"south": {"uv": [1, 2, 2.5, 5], "texture": "#1"},
				"west": {"uv": [0, 2, 1, 5], "texture": "#1"},
				"up": {"uv": [1, 0, 2.5, 2], "texture": "#1"},
				"down": {"uv": [2.5, 0, 4, 2], "texture": "#1"}
			}
		},
		{
			"from": [6.5, 7.51, 14],
			"to": [9.5, 10.51, 18],
			"rotation": {"angle": 0, "axis": "y", "origin": [7, 8, 14]},
			"faces": {
				"north": {"uv": [2.75, 7, 3.5, 8.5], "texture": "#1"},
				"east": {"uv": [1.75, 7, 2.75, 8.5], "texture": "#1"},
				"south": {"uv": [1, 7, 1.75, 8.5], "texture": "#1"},
				"west": {"uv": [0, 7, 1, 8.5], "texture": "#1"},
				"up": {"uv": [1, 5, 1.75, 7], "texture": "#1"},
				"down": {"uv": [1.75, 5, 2.5, 7], "texture": "#1"}
			}
		},
		{
			"from": [5, 13.5, 11],
			"to": [7, 15.5, 12],
			"rotation": {"angle": 0, "axis": "y", "origin": [5, 14, 11]},
			"faces": {
				"north": {"uv": [5, 7.5, 5.5, 8.5], "texture": "#1"},
				"east": {"uv": [4, 7.5, 4.25, 8.5], "texture": "#1"},
				"south": {"uv": [4.25, 7.5, 4.75, 8.5], "texture": "#1"},
				"west": {"uv": [4.75, 7.5, 5, 8.5], "texture": "#1"},
				"up": {"uv": [4.25, 7, 4.75, 7.5], "texture": "#1"},
				"down": {"uv": [4.75, 7, 5.25, 7.5], "texture": "#1"}
			}
		},
		{
			"from": [9, 13.5, 11],
			"to": [11, 15.5, 12],
			"rotation": {"angle": 0, "axis": "y", "origin": [9, 14, 11]},
			"faces": {
				"north": {"uv": [5, 7.5, 5.5, 8.5], "texture": "#1"},
				"east": {"uv": [4, 7.5, 4.25, 8.5], "texture": "#1"},
				"south": {"uv": [4.25, 7.5, 4.75, 8.5], "texture": "#1"},
				"west": {"uv": [4.75, 7.5, 5, 8.5], "texture": "#1"},
				"up": {"uv": [4.25, 7, 4.75, 7.5], "texture": "#1"},
				"down": {"uv": [4.75, 7, 5.25, 7.5], "texture": "#1"}
			}
		},
		{
			"from": [4, 7, 5],
			"to": [12, 14, 11],
			"rotation": {"angle": 0, "axis": "y", "origin": [4, 8, 5]},
			"faces": {
				"north": {"uv": [9, 0, 11, 3.5], "texture": "#1"},
				"east": {"uv": [11, 3.5, 12.75, 6.5], "rotation": 270, "texture": "#1"},
				"south": {"uv": [7, 0, 9, 3.5], "texture": "#1"},
				"west": {"uv": [5.25, 3.5, 7, 6.5], "rotation": 90, "texture": "#1"},
				"up": {"uv": [9, 3.5, 11, 6.5], "rotation": 180, "texture": "#1"},
				"down": {"uv": [7, 3.5, 9, 6.5], "texture": "#1"}
			}
		},
		{
			"from": [5, 7, -4],
			"to": [11, 13, 5],
			"rotation": {"angle": 0, "axis": "y", "origin": [5, 8, -4]},
			"faces": {
				"north": {"uv": [7.5, 7, 9, 10], "texture": "#1"},
				"east": {"uv": [7.5, 10, 9, 14.5], "rotation": 270, "texture": "#1"},
				"south": {"uv": [6, 7, 7.5, 10], "texture": "#1"},
				"west": {"uv": [4.5, 10, 6, 14.5], "rotation": 90, "texture": "#1"},
				"up": {"uv": [9, 10, 10.5, 14.5], "rotation": 180, "texture": "#1"},
				"down": {"uv": [6, 10, 7.5, 14.5], "rotation": 180, "texture": "#1"}
			}
		},
		{
			"from": [5.5, 0, -3],
			"to": [7.5, 8, -1],
			"rotation": {"angle": 0, "axis": "y", "origin": [6, 0, -3]},
			"faces": {
				"north": {"uv": [1.5, 10, 2, 14], "texture": "#1"},
				"east": {"uv": [1, 10, 1.5, 14], "texture": "#1"},
				"south": {"uv": [0.5, 10, 1, 14], "texture": "#1"},
				"west": {"uv": [0, 10, 0.5, 14], "texture": "#1"},
				"up": {"uv": [0.5, 9, 1, 10], "texture": "#1"},
				"down": {"uv": [1, 9, 1.5, 10], "texture": "#1"}
			}
		},
		{
			"from": [8.5, 0, -3],
			"to": [10.5, 8, -1],
			"rotation": {"angle": 0, "axis": "y", "origin": [9, 0, -3]},
			"faces": {
				"north": {"uv": [1.5, 10, 2, 14], "texture": "#1"},
				"east": {"uv": [1, 10, 1.5, 14], "texture": "#1"},
				"south": {"uv": [0.5, 10, 1, 14], "texture": "#1"},
				"west": {"uv": [0, 10, 0.5, 14], "texture": "#1"},
				"up": {"uv": [0.5, 9, 1, 10], "texture": "#1"},
				"down": {"uv": [1, 9, 1.5, 10], "texture": "#1"}
			}
		},
		{
			"from": [8.5, 0, 8],
			"to": [10.5, 8, 10],
			"rotation": {"angle": 0, "axis": "y", "origin": [9, 0, 8]},
			"faces": {
				"north": {"uv": [1.5, 10, 2, 14], "texture": "#1"},
				"east": {"uv": [1, 10, 1.5, 14], "texture": "#1"},
				"south": {"uv": [0.5, 10, 1, 14], "texture": "#1"},
				"west": {"uv": [0, 10, 0.5, 14], "texture": "#1"},
				"up": {"uv": [0.5, 9, 1, 10], "texture": "#1"},
				"down": {"uv": [1, 9, 1.5, 10], "texture": "#1"}
			}
		},
		{
			"from": [5.5, 0, 8],
			"to": [7.5, 8, 10],
			"rotation": {"angle": 0, "axis": "y", "origin": [6, 0, 8]},
			"faces": {
				"north": {"uv": [1.5, 10, 2, 14], "texture": "#1"},
				"east": {"uv": [1, 10, 1.5, 14], "texture": "#1"},
				"south": {"uv": [0.5, 10, 1, 14], "texture": "#1"},
				"west": {"uv": [0, 10, 0.5, 14], "texture": "#1"},
				"up": {"uv": [0.5, 9, 1, 10], "texture": "#1"},
				"down": {"uv": [1, 9, 1.5, 10], "texture": "#1"}
			}
		},
		{
			"from": [7, 7, -9.5],
			"to": [9, 15, -7.5],
			"rotation": {"angle": 45, "axis": "x", "origin": [7, 7, -9.5]},
			"faces": {
				"north": {"uv": [3.75, 10, 4.25, 14], "texture": "#1"},
				"east": {"uv": [3.25, 10, 3.75, 14], "texture": "#1"},
				"south": {"uv": [2.75, 10, 3.25, 14], "texture": "#1"},
				"west": {"uv": [2.25, 10, 2.75, 14], "texture": "#1"},
				"up": {"uv": [2.75, 9, 3.25, 10], "texture": "#1"},
				"down": {"uv": [3.25, 9, 3.75, 10], "texture": "#1"}
			}
		}
	],
	"display": {
		"gui": {
			"rotation": [26, -32, 0],
			"translation": [-1.25, -0.5, 0],
			"scale": [0.8, 0.8, 0.8]
		}
	},
	"groups": [
		{
			"name": "group",
			"origin": [9, 6, 0],
			"color": 0,
			"children": [0, 1, 2, 3]
		},
		4,
		5,
		6,
		7,
		8,
		9,
		10
	]
}