{
	"credit": "Made with Blockbench",
	"texture_size": [32, 32],
	"textures": {
		"0": "item/custom/gadgets_hats",
		"particle": "item/custom/gadgets_hats"
	},
	"elements": [
		{
			"from": [4, 1, 4],
			"to": [12, 12, 12],
			"rotation": {"angle": 0, "axis": "y", "origin": [4, 0, 4]},
			"faces": {
				"north": {"uv": [6, 0, 10, 6], "texture": "#0"},
				"east": {"uv": [6, 6, 10, 12], "texture": "#0"},
				"south": {"uv": [10, 0, 14, 6], "texture": "#0"},
				"west": {"uv": [10, 6, 14, 12], "texture": "#0"},
				"up": {"uv": [4, 16, 0, 12], "texture": "#0"},
				"down": {"uv": [8, 12, 4, 16], "texture": "#0"}
			}
		},
		{
			"from": [2, 0, 2],
			"to": [14, 1, 14],
			"rotation": {"angle": 0, "axis": "y", "origin": [2, 0, 2]},
			"faces": {
				"north": {"uv": [8, 12, 14, 12.5], "texture": "#0"},
				"east": {"uv": [8, 12.5, 14, 13], "texture": "#0"},
				"south": {"uv": [8, 13, 14, 13.5], "texture": "#0"},
				"west": {"uv": [8, 13.5, 14, 14], "texture": "#0"},
				"up": {"uv": [6, 6, 0, 0], "texture": "#0"},
				"down": {"uv": [6, 6, 0, 12], "texture": "#0"}
			}
		}
	],
	"display": {
		"gui": {
			"rotation": [20, 42, 15],
			"translation": [-0.75, 1.25, 0],
			"scale": [0.8, 0.8, 0.8]
		}
	}
}