{
	"credit": "Made with Blockbench",
	"texture_size": [64, 64],
	"textures": {
		"1": "item/custom/bin_lid",
		"2": "item/custom/bin_barrel",
		"particle": "item/custom/bin_barrel"
	},
	"elements": [
		{
			"from": [-15.5, 0, 0.5],
			"to": [15.5, 16, 15.5],
			"rotation": {"angle": 0, "axis": "y", "origin": [-15.5, 0, 0.5]},
			"faces": {
				"north": {"uv": [0, 0, 7.75, 4], "texture": "#2"},
				"east": {"uv": [7.75, 7.5, 11.5, 11.5], "texture": "#2"},
				"south": {"uv": [0, 4, 7.75, 8], "texture": "#2"},
				"west": {"uv": [0, 8, 3.75, 12], "texture": "#2"},
				"up": {"uv": [15.5, 3.75, 7.75, 0], "texture": "#2"},
				"down": {"uv": [15.5, 3.75, 7.75, 7.5], "texture": "#2"}
			}
		},
		{
			"from": [-16, 16, 0],
			"to": [16, 18, 16],
			"rotation": {"angle": 0, "axis": "y", "origin": [-16, 16, 0]},
			"faces": {
				"north": {"uv": [8, 12, 16, 12.5], "texture": "#1", "tintindex": 0},
				"east": {"uv": [8, 13.5, 12, 14], "texture": "#1", "tintindex": 0},
				"south": {"uv": [8, 12.5, 16, 13], "texture": "#1", "tintindex": 0},
				"west": {"uv": [12, 13.5, 16, 14], "texture": "#1", "tintindex": 0},
				"up": {"uv": [8, 4, 0, 0], "texture": "#1", "tintindex": 0},
				"down": {"uv": [8, 4, 0, 8], "texture": "#1", "tintindex": 0}
			}
		},
		{
			"from": [-16, 18, 1],
			"to": [16, 18.5, 15],
			"rotation": {"angle": 0, "axis": "y", "origin": [-16, 16.5, 1]},
			"faces": {
				"north": {"uv": [0, 14, 8, 14.25], "texture": "#1", "tintindex": 0},
				"east": {"uv": [0, 14.5, 3.5, 14.75], "texture": "#1", "tintindex": 0},
				"south": {"uv": [8, 14, 16, 14.25], "texture": "#1", "tintindex": 0},
				"west": {"uv": [3.5, 14.5, 7, 14.75], "texture": "#1", "tintindex": 0},
				"up": {"uv": [8, 11.5, 0, 8], "texture": "#1", "tintindex": 0},
				"down": {"uv": [16, 0, 8, 3.5], "texture": "#1"}
			}
		},
		{
			"from": [-16, 18.5, 2],
			"to": [16, 19, 14],
			"rotation": {"angle": 0, "axis": "y", "origin": [-16, 16.5, 1]},
			"faces": {
				"north": {"uv": [0, 14.25, 8, 14.5], "texture": "#1", "tintindex": 0},
				"east": {"uv": [7, 14.5, 10, 14.75], "texture": "#1", "tintindex": 0},
				"south": {"uv": [8, 14.25, 16, 14.5], "texture": "#1", "tintindex": 0},
				"west": {"uv": [10, 14.5, 13, 14.75], "texture": "#1", "tintindex": 0},
				"up": {"uv": [16, 6.5, 8, 3.5], "texture": "#1", "tintindex": 0},
				"down": {"uv": [16, 6.5, 8, 9.5], "texture": "#1"}
			}
		},
		{
			"from": [-16, 19, 3],
			"to": [16, 19.5, 13],
			"rotation": {"angle": 0, "axis": "y", "origin": [-16, 16.5, 1]},
			"faces": {
				"north": {"uv": [8, 13, 16, 13.25], "texture": "#1", "tintindex": 0},
				"east": {"uv": [13, 14.5, 15.5, 14.75], "texture": "#1", "tintindex": 0},
				"south": {"uv": [8, 13.25, 16, 13.5], "texture": "#1", "tintindex": 0},
				"west": {"uv": [0, 14.75, 2.5, 15], "texture": "#1", "tintindex": 0},
				"up": {"uv": [16, 12, 8, 9.5], "texture": "#1", "tintindex": 0},
				"down": {"uv": [8, 11.5, 0, 14], "texture": "#1"}
			}
		},
		{
			"from": [-2, 16.5, -1],
			"to": [2, 17.5, 1],
			"rotation": {"angle": 0, "axis": "y", "origin": [0, 0.5, 0]},
			"faces": {
				"north": {"uv": [5.75, 8, 6.75, 8.25], "texture": "#2"},
				"east": {"uv": [5.75, 8.25, 6.25, 8.5], "texture": "#2"},
				"south": {"uv": [6.75, 8, 7.75, 8.25], "texture": "#2"},
				"west": {"uv": [6.25, 8.25, 6.75, 8.5], "texture": "#2"},
				"up": {"uv": [4.75, 8.5, 3.75, 8], "texture": "#2"},
				"down": {"uv": [5.75, 8, 4.75, 8.5], "texture": "#2"}
			}
		}
	],
	"display": {
		"thirdperson_righthand": {
			"scale": [0.1, 0.1, 0.1]
		},
		"thirdperson_lefthand": {
			"scale": [0.1, 0.1, 0.1]
		},
		"firstperson_righthand": {
			"translation": [5, 0, 0],
			"scale": [0.4, 0.4, 0.4]
		},
		"firstperson_lefthand": {
			"scale": [0.4, 0.4, 0.4]
		},
		"gui": {
			"rotation": [180, 24, -156],
			"translation": [-3, 0.5, 0],
			"scale": [0.4, 0.4, 0.4]
		},
		"head": {
			"scale": [1.6, 1.6, 1.6]
		}
	}
}