{
	"credit": "Made with Blockbench",
	"texture_size": [16, 4],
	"textures": {
		"0": "customfont/title/jumpy",
		"particle": "customfont/title/jumpy"
	},
	"elements": [
		{
			"from": [-16, 0, 7],
			"to": [32, 16, 8],
			"rotation": {"angle": 0, "axis": "y", "origin": [-16, 0, 7]},
			"faces": {
				"north": {"uv": [0, 0, 16, 64], "texture": "#0"},
				"east": {"uv": [0, 0, 1, 64], "texture": "#missing"},
				"south": {"uv": [0, 0, 16, 64], "texture": "#missing"},
				"west": {"uv": [0, 0, 1, 64], "texture": "#missing"},
				"up": {"uv": [0, 0, 16, 4], "texture": "#missing"},
				"down": {"uv": [0, 0, 16, 4], "texture": "#missing"}
			}
		}
	]
}