{
	"credit": "Made with Blockbench",
	"textures": {
		"0": "item/custom/lounger",
		"1": "item/custom/lounger_overlay",
		"2": "item/custom/lounger_feet",
		"particle": "item/custom/lounger"
	},
	"elements": [
		{
			"from": [2, 0, -14],
			"to": [3, 3, -13],
			"faces": {
				"north": {"uv": [8, 0, 9, 3], "texture": "#2"},
				"east": {"uv": [8, 3, 9, 6], "texture": "#2"},
				"south": {"uv": [8, 6, 9, 9], "texture": "#2"},
				"west": {"uv": [9, 0, 10, 3], "texture": "#2"},
				"up": {"uv": [1, 11, 0, 10], "texture": "#2"},
				"down": {"uv": [11, 0, 10, 1], "texture": "#2"}
			}
		},
		{
			"from": [13, 0, -14],
			"to": [14, 3, -13],
			"faces": {
				"north": {"uv": [9, 3, 10, 6], "texture": "#2"},
				"east": {"uv": [9, 6, 10, 9], "texture": "#2"},
				"south": {"uv": [8, 9, 9, 12], "texture": "#2"},
				"west": {"uv": [9, 9, 10, 12], "texture": "#2"},
				"up": {"uv": [2, 11, 1, 10], "texture": "#2"},
				"down": {"uv": [11, 1, 10, 2], "texture": "#2"}
			}
		},
		{
			"from": [13, -1, 15],
			"to": [14, 12.5, 16],
			"rotation": {"angle": -22.5, "axis": "x", "origin": [7, 0, 15]},
			"faces": {
				"north": {"uv": [0, 0, 1, 10], "texture": "#2"},
				"east": {"uv": [1, 0, 2, 10], "texture": "#2"},
				"south": {"uv": [2, 0, 3, 10], "texture": "#2"},
				"west": {"uv": [3, 0, 4, 10], "texture": "#2"},
				"up": {"uv": [3, 11, 2, 10], "texture": "#2"},
				"down": {"uv": [11, 2, 10, 3], "texture": "#2"}
			}
		},
		{
			"from": [2, -1, 15],
			"to": [3, 12.5, 16],
			"rotation": {"angle": -22.5, "axis": "x", "origin": [7, 0, 15]},
			"faces": {
				"north": {"uv": [4, 0, 5, 10], "texture": "#2"},
				"east": {"uv": [5, 0, 6, 10], "texture": "#2"},
				"south": {"uv": [6, 0, 7, 10], "texture": "#2"},
				"west": {"uv": [7, 0, 8, 10], "texture": "#2"},
				"up": {"uv": [4, 11, 3, 10], "texture": "#2"},
				"down": {"uv": [11, 3, 10, 4], "texture": "#2"}
			}
		},
		{
			"from": [0, 3, -16],
			"to": [2, 4, 0],
			"faces": {
				"north": {"uv": [8, 3.5, 9, 4], "texture": "#0"},
				"east": {"uv": [0, 8, 8, 8.5], "texture": "#0"},
				"south": {"uv": [8, 4, 9, 4.5], "texture": "#0"},
				"west": {"uv": [8, 0, 16, 0.5], "texture": "#0"},
				"up": {"uv": [1, 8, 0, 0], "texture": "#0"},
				"down": {"uv": [2, 0, 1, 8], "texture": "#0"}
			}
		},
		{
			"from": [4, 3, -16],
			"to": [6, 4, 0],
			"faces": {
				"north": {"uv": [8, 4.5, 9, 5], "texture": "#0"},
				"east": {"uv": [8, 0.5, 16, 1], "texture": "#0"},
				"south": {"uv": [8, 5, 9, 5.5], "texture": "#0"},
				"west": {"uv": [8, 1, 16, 1.5], "texture": "#0"},
				"up": {"uv": [3, 8, 2, 0], "texture": "#0"},
				"down": {"uv": [4, 0, 3, 8], "texture": "#0"}
			}
		},
		{
			"from": [2, 3, -16],
			"to": [4, 4, 0],
			"faces": {
				"north": {"uv": [8, 3.5, 9, 4], "texture": "#1", "tintindex": 0},
				"east": {"uv": [0, 8, 8, 8.5], "texture": "#1"},
				"south": {"uv": [8, 4, 9, 4.5], "texture": "#1"},
				"west": {"uv": [8, 0, 16, 0.5], "texture": "#1"},
				"up": {"uv": [1, 8, 0, 0], "texture": "#1", "tintindex": 0},
				"down": {"uv": [2, 0, 1, 8], "texture": "#1", "tintindex": 0}
			}
		},
		{
			"from": [6, 3, -16],
			"to": [8, 4, 0],
			"faces": {
				"north": {"uv": [8, 4.5, 9, 5], "texture": "#1", "tintindex": 0},
				"east": {"uv": [8, 0.5, 16, 1], "texture": "#1"},
				"south": {"uv": [8, 5, 9, 5.5], "texture": "#1"},
				"west": {"uv": [8, 1, 16, 1.5], "texture": "#1"},
				"up": {"uv": [3, 8, 2, 0], "texture": "#1", "tintindex": 0},
				"down": {"uv": [4, 0, 3, 8], "texture": "#1", "tintindex": 0}
			}
		},
		{
			"from": [8, 3, -16],
			"to": [10, 4, 0],
			"faces": {
				"north": {"uv": [8, 5.5, 9, 6], "texture": "#1", "tintindex": 0},
				"east": {"uv": [8, 1.5, 16, 2], "texture": "#1"},
				"south": {"uv": [8, 6, 9, 6.5], "texture": "#1"},
				"west": {"uv": [8, 2, 16, 2.5], "texture": "#1"},
				"up": {"uv": [5, 8, 4, 0], "texture": "#1", "tintindex": 0},
				"down": {"uv": [6, 0, 5, 8], "texture": "#1", "tintindex": 0}
			}
		},
		{
			"from": [10, 3, -16],
			"to": [12, 4, 0],
			"faces": {
				"north": {"uv": [8, 5.5, 9, 6], "texture": "#0"},
				"east": {"uv": [8, 1.5, 16, 2], "texture": "#0"},
				"south": {"uv": [8, 6, 9, 6.5], "texture": "#0"},
				"west": {"uv": [8, 2, 16, 2.5], "texture": "#0"},
				"up": {"uv": [5, 8, 4, 0], "texture": "#0"},
				"down": {"uv": [6, 0, 5, 8], "texture": "#0"}
			}
		},
		{
			"from": [12, 3, -16],
			"to": [14, 4, 0],
			"faces": {
				"north": {"uv": [8, 6.5, 9, 7], "texture": "#1", "tintindex": 0},
				"east": {"uv": [8, 2.5, 16, 3], "texture": "#1"},
				"south": {"uv": [8, 7, 9, 7.5], "texture": "#1"},
				"west": {"uv": [8, 3, 16, 3.5], "texture": "#1"},
				"up": {"uv": [7, 8, 6, 0], "texture": "#1", "tintindex": 0},
				"down": {"uv": [8, 0, 7, 8], "texture": "#1", "tintindex": 0}
			}
		},
		{
			"from": [14, 3, -16],
			"to": [16, 4, 0],
			"faces": {
				"north": {"uv": [8, 6.5, 9, 7], "texture": "#0"},
				"east": {"uv": [8, 2.5, 16, 3], "texture": "#0"},
				"south": {"uv": [8, 7, 9, 7.5], "texture": "#0"},
				"west": {"uv": [8, 3, 16, 3.5], "texture": "#0"},
				"up": {"uv": [7, 8, 6, 0], "texture": "#0"},
				"down": {"uv": [8, 0, 7, 8], "texture": "#0"}
			}
		},
		{
			"from": [0, 3, 0],
			"to": [2, 4, 5],
			"rotation": {"angle": -22.5, "axis": "x", "origin": [0, 3, 0]},
			"faces": {
				"north": {"uv": [0, 0, 2, 1], "texture": "#0"},
				"east": {"uv": [8, 0, 16, 0.5], "texture": "#0"},
				"south": {"uv": [0, 0, 2, 1], "texture": "#0"},
				"west": {"uv": [8, 0, 13, 0.5], "texture": "#0"},
				"up": {"uv": [0, 0, 1, 2.5], "texture": "#0"},
				"down": {"uv": [1, 0, 2, 2.5], "texture": "#0"}
			}
		},
		{
			"from": [2, 3, 0],
			"to": [4, 4, 5],
			"rotation": {"angle": -22.5, "axis": "x", "origin": [0, 3, 0]},
			"faces": {
				"north": {"uv": [0, 0, 2, 1], "texture": "#missing"},
				"east": {"uv": [0, 0, 10, 1], "texture": "#missing"},
				"south": {"uv": [0, 0, 2, 1], "texture": "#missing"},
				"west": {"uv": [0, 0, 10, 1], "texture": "#missing"},
				"up": {"uv": [6, 0, 7, 2.5], "texture": "#1", "tintindex": 0},
				"down": {"uv": [7, 0, 8, 2.5], "texture": "#1", "tintindex": 0}
			}
		},
		{
			"from": [4, 3, 0],
			"to": [6, 4, 5],
			"rotation": {"angle": -22.5, "axis": "x", "origin": [0, 3, 0]},
			"faces": {
				"north": {"uv": [0, 0, 2, 1], "texture": "#0"},
				"east": {"uv": [8, 0, 16, 0.5], "texture": "#0"},
				"south": {"uv": [0, 0, 2, 1], "texture": "#0"},
				"west": {"uv": [8, 0, 16, 0.5], "texture": "#0"},
				"up": {"uv": [2, 0, 3, 2.5], "texture": "#0"},
				"down": {"uv": [3, 0, 4, 2.5], "texture": "#0"}
			}
		},
		{
			"from": [6, 3, 0],
			"to": [8, 4, 5],
			"rotation": {"angle": -22.5, "axis": "x", "origin": [0, 3, 0]},
			"faces": {
				"north": {"uv": [0, 0, 2, 1], "texture": "#missing"},
				"east": {"uv": [0, 0, 10, 1], "texture": "#missing"},
				"south": {"uv": [0, 0, 2, 1], "texture": "#missing"},
				"west": {"uv": [0, 0, 10, 1], "texture": "#missing"},
				"up": {"uv": [4, 0, 5, 2.5], "texture": "#1", "tintindex": 0},
				"down": {"uv": [5, 0, 6, 2.5], "texture": "#1", "tintindex": 0}
			}
		},
		{
			"from": [8, 3, 0],
			"to": [10, 4, 5],
			"rotation": {"angle": -22.5, "axis": "x", "origin": [8, 3, 0]},
			"faces": {
				"north": {"uv": [0, 0, 2, 1], "texture": "#missing"},
				"east": {"uv": [0, 0, 10, 1], "texture": "#missing"},
				"south": {"uv": [0, 0, 2, 1], "texture": "#missing"},
				"west": {"uv": [0, 0, 10, 1], "texture": "#missing"},
				"up": {"uv": [2, 0, 3, 2.5], "texture": "#1", "tintindex": 0},
				"down": {"uv": [3, 0, 4, 2.5], "texture": "#1", "tintindex": 0}
			}
		},
		{
			"from": [10, 3, 0],
			"to": [12, 4, 5],
			"rotation": {"angle": -22.5, "axis": "x", "origin": [0, 3, 0]},
			"faces": {
				"north": {"uv": [0, 0, 2, 1], "texture": "#0"},
				"east": {"uv": [8, 0, 16, 0.5], "texture": "#0"},
				"south": {"uv": [0, 0, 2, 1], "texture": "#0"},
				"west": {"uv": [8, 0, 16, 0.5], "texture": "#0"},
				"up": {"uv": [3.5, 0, 4.5, 2.5], "texture": "#0"},
				"down": {"uv": [4.5, 0, 5.5, 2.5], "texture": "#0"}
			}
		},
		{
			"from": [12, 3, 0],
			"to": [14, 4, 5],
			"rotation": {"angle": -22.5, "axis": "x", "origin": [0, 3, 0]},
			"faces": {
				"north": {"uv": [0, 0, 2, 1], "texture": "#1", "tintindex": 0},
				"east": {"uv": [11, 0.5, 16, 1], "texture": "#1"},
				"south": {"uv": [0, 0, 2, 1], "texture": "#1"},
				"west": {"uv": [11, 0, 16, 0.5], "texture": "#1"},
				"up": {"uv": [1, 0, 2, 2.5], "texture": "#1", "tintindex": 0},
				"down": {"uv": [0, 0, 1, 2.5], "texture": "#1", "tintindex": 0}
			}
		},
		{
			"from": [14, 3, 0],
			"to": [16, 4, 5],
			"rotation": {"angle": -22.5, "axis": "x", "origin": [0, 3, 0]},
			"faces": {
				"north": {"uv": [0, 0, 2, 1], "texture": "#0"},
				"east": {"uv": [8, 2.5, 13, 3], "texture": "#0"},
				"south": {"uv": [0, 0, 2, 1], "texture": "#0"},
				"west": {"uv": [8, 2.5, 16, 3], "texture": "#0"},
				"up": {"uv": [6, 0, 7, 2.5], "texture": "#0"},
				"down": {"uv": [7, 0, 8, 2.5], "texture": "#0"}
			}
		},
		{
			"from": [0, 3.62, 6.5],
			"to": [2, 4.54, 16.5],
			"rotation": {"angle": -45, "axis": "x", "origin": [0, 2, 4]},
			"faces": {
				"north": {"uv": [0, 0, 2, 0.92], "texture": "#missing"},
				"east": {"uv": [0, 0, 6, 0.92], "texture": "#missing"},
				"south": {"uv": [8, 3.5, 9, 3.92], "texture": "#0"},
				"west": {"uv": [13, 0, 16, 0.5], "texture": "#0"},
				"up": {"uv": [0, 0, 1, 5], "texture": "#0"},
				"down": {"uv": [1, 0, 2, 5], "texture": "#0"}
			}
		},
		{
			"from": [2, 3.62, 6.5],
			"to": [4, 4.54, 16.5],
			"rotation": {"angle": -45, "axis": "x", "origin": [0, 2, 4]},
			"faces": {
				"north": {"uv": [0, 0, 2, 0.92], "texture": "#missing"},
				"east": {"uv": [0, 0, 10, 0.92], "texture": "#missing"},
				"south": {"uv": [8, 3.5, 9, 3.92], "texture": "#1", "tintindex": 0},
				"west": {"uv": [0, 0, 10, 0.92], "texture": "#missing"},
				"up": {"uv": [7, 0, 8, 5], "texture": "#1", "tintindex": 0},
				"down": {"uv": [6, 0, 7, 5], "texture": "#1", "tintindex": 0}
			}
		},
		{
			"from": [14, 3.62, 6.5],
			"to": [16, 4.54, 16.5],
			"rotation": {"angle": -45, "axis": "x", "origin": [0, 2, 4]},
			"faces": {
				"north": {"uv": [0, 0, 2, 0.92], "texture": "#missing"},
				"east": {"uv": [13, 2.5, 16, 3], "texture": "#0"},
				"south": {"uv": [8, 6.5, 9, 6.92], "texture": "#0"},
				"west": {"uv": [0, 0, 6, 0.92], "texture": "#missing"},
				"up": {"uv": [2, 0, 3, 5], "texture": "#0"},
				"down": {"uv": [3, 0, 4, 5], "texture": "#0"}
			}
		},
		{
			"from": [4, 3.62, 6.5],
			"to": [6, 4.54, 16.5],
			"rotation": {"angle": -45, "axis": "x", "origin": [0, 2, 4]},
			"faces": {
				"north": {"uv": [0, 0, 2, 0.92], "texture": "#missing"},
				"east": {"uv": [0, 0, 6, 0.92], "texture": "#missing"},
				"south": {"uv": [8, 4.5, 9, 4.92], "texture": "#0"},
				"west": {"uv": [0, 0, 6, 0.92], "texture": "#missing"},
				"up": {"uv": [6, 0, 7, 5], "texture": "#0"},
				"down": {"uv": [7, 0, 8, 5], "texture": "#0"}
			}
		},
		{
			"from": [6, 3.62, 6.5],
			"to": [8, 4.54, 16.5],
			"rotation": {"angle": -45, "axis": "x", "origin": [0, 2, 4]},
			"faces": {
				"north": {"uv": [0, 0, 2, 0.92], "texture": "#missing"},
				"east": {"uv": [0, 0, 10, 0.92], "texture": "#missing"},
				"south": {"uv": [8, 4.5, 9, 4.92], "texture": "#1", "tintindex": 0},
				"west": {"uv": [0, 0, 10, 0.92], "texture": "#missing"},
				"up": {"uv": [4, 0, 5, 5], "texture": "#1", "tintindex": 0},
				"down": {"uv": [5, 0, 6, 5], "texture": "#1", "tintindex": 0}
			}
		},
		{
			"from": [8, 3.62, 6.5],
			"to": [10, 4.54, 16.5],
			"rotation": {"angle": -45, "axis": "x", "origin": [0, 2, 4]},
			"faces": {
				"north": {"uv": [0, 0, 2, 0.92], "texture": "#missing"},
				"east": {"uv": [0, 0, 10, 0.92], "texture": "#missing"},
				"south": {"uv": [8, 5.5, 9, 5.92], "texture": "#1", "tintindex": 0},
				"west": {"uv": [0, 0, 10, 0.92], "texture": "#missing"},
				"up": {"uv": [0, 0, 1, 5], "texture": "#1", "tintindex": 0},
				"down": {"uv": [1, 0, 2, 5], "texture": "#1", "tintindex": 0}
			}
		},
		{
			"from": [10, 3.62, 6.5],
			"to": [12, 4.54, 16.5],
			"rotation": {"angle": -45, "axis": "x", "origin": [0, 2, 4]},
			"faces": {
				"north": {"uv": [0, 0, 2, 0.92], "texture": "#missing"},
				"east": {"uv": [0, 0, 6, 0.92], "texture": "#missing"},
				"south": {"uv": [8, 5.5, 9, 5.92], "texture": "#0"},
				"west": {"uv": [0, 0, 6, 0.92], "texture": "#missing"},
				"up": {"uv": [4, 0, 5, 5], "texture": "#0"},
				"down": {"uv": [5, 0, 6, 5], "texture": "#0"}
			}
		},
		{
			"from": [12, 3.62, 6.5],
			"to": [14, 4.54, 16.5],
			"rotation": {"angle": -45, "axis": "x", "origin": [0, 2, 4]},
			"faces": {
				"north": {"uv": [0, 0, 2, 0.92], "texture": "#missing"},
				"east": {"uv": [0, 0, 6, 0.92], "texture": "#missing"},
				"south": {"uv": [8, 6.5, 9, 6.92], "texture": "#1", "tintindex": 0},
				"west": {"uv": [0, 0, 6, 0.92], "texture": "#missing"},
				"up": {"uv": [2, 0, 3, 5], "texture": "#1", "tintindex": 0},
				"down": {"uv": [3, 0, 4, 5], "texture": "#1", "tintindex": 0}
			}
		}
	],
	"display": {
		"firstperson_lefthand": {
			"rotation": [16, 156, -16],
			"translation": [12, 0.25, -13],
			"scale": [0.5, 0.5, 0.5]
		},
		"gui": {
			"rotation": [21, 146, -4],
			"translation": [2.25, 2, 0],
			"scale": [0.5, 0.5, 0.5]
		},
		"head": {
			"scale": [1.6, 1.6, 1.6]
		}
	},
	"groups": [
		{
			"name": "group",
			"origin": [7, 0, 15],
			"color": 0,
			"children": [0, 1, 2, 3]
		},
		{
			"name": "group",
			"origin": [0, 0, 0],
			"color": 0,
			"children": [4, 5, 6, 7, 8, 9, 10, 11]
		},
		{
			"name": "group",
			"origin": [0, 3, 0],
			"color": 0,
			"children": [12, 13, 14, 15, 16, 17, 18, 19]
		},
		20,
		21,
		22,
		23,
		24,
		25,
		26,
		27
	]
}