{
	"credit": "Made with Blockbench",
	"texture_size": [64, 64],
	"textures": {
		"0": "item/custom/pedestal_in",
		"1": "item/custom/pedestal_out",
		"particle": "item/custom/pedestal_in"
	},
	"elements": [
		{
			"from": [0, 0, 0],
			"to": [16, 1, 16],
			"faces": {
				"north": {"uv": [11, 9, 15, 9.25], "texture": "#0"},
				"east": {"uv": [11, 9.25, 15, 9.5], "texture": "#0"},
				"south": {"uv": [11, 9.5, 15, 9.75], "texture": "#0"},
				"west": {"uv": [11, 9.75, 15, 10], "texture": "#0"},
				"up": {"uv": [4, 4, 0, 0], "texture": "#0"},
				"down": {"uv": [4, 4, 0, 8], "texture": "#0"}
			}
		},
		{
			"from": [0.5, 11, 0.5],
			"to": [15.5, 12, 15.5],
			"rotation": {"angle": 0, "axis": "y", "origin": [0, 7, 0]},
			"faces": {
				"north": {"uv": [10, 11, 13.75, 11.25], "texture": "#0"},
				"east": {"uv": [11, 10, 14.75, 10.25], "texture": "#0"},
				"south": {"uv": [11, 10.25, 14.75, 10.5], "texture": "#0"},
				"west": {"uv": [11, 10.5, 14.75, 10.75], "texture": "#0"},
				"up": {"uv": [7.75, 3.75, 4, 0], "texture": "#0"},
				"down": {"uv": [7.75, 3.75, 4, 7.5], "texture": "#0"}
			}
		},
		{
			"from": [1, 1, 1],
			"to": [15, 2, 15],
			"faces": {
				"north": {"uv": [11, 10.75, 14.5, 11], "texture": "#0"},
				"east": {"uv": [11.25, 0, 14.75, 0.25], "texture": "#0"},
				"south": {"uv": [11.25, 0.25, 14.75, 0.5], "texture": "#0"},
				"west": {"uv": [11.25, 0.5, 14.75, 0.75], "texture": "#0"},
				"up": {"uv": [7.5, 11, 4, 7.5], "texture": "#0"},
				"down": {"uv": [11, 7.5, 7.5, 11], "texture": "#0"}
			}
		},
		{
			"from": [1.25, 10, 1.25],
			"to": [14.75, 11, 14.75],
			"rotation": {"angle": 0, "axis": "y", "origin": [0, 5, 0]},
			"faces": {
				"north": {"uv": [11.25, 0.75, 14.75, 1], "texture": "#0"},
				"east": {"uv": [11.25, 1, 14.75, 1.25], "texture": "#0"},
				"south": {"uv": [11.25, 1.25, 14.75, 1.5], "texture": "#0"},
				"west": {"uv": [11.25, 1.5, 14.75, 1.75], "texture": "#0"},
				"up": {"uv": [11.25, 3.5, 7.75, 0], "texture": "#0"},
				"down": {"uv": [11.25, 3.5, 7.75, 7], "texture": "#0"}
			}
		},
		{
			"from": [3, 2, 3],
			"to": [13, 10, 13],
			"faces": {
				"north": {"uv": [2.5, 11, 5, 13], "texture": "#0", "tintindex": 0},
				"east": {"uv": [5, 11, 7.5, 13], "texture": "#0", "tintindex": 0},
				"south": {"uv": [11, 7, 13.5, 9], "texture": "#0", "tintindex": 0},
				"west": {"uv": [7.5, 11, 10, 13], "texture": "#0", "tintindex": 0},
				"up": {"uv": [2.5, 10.5, 0, 8], "texture": "#0"},
				"down": {"uv": [2.5, 10.5, 0, 13], "texture": "#0"}
			}
		},
		{
			"from": [2.5, 5.5, 6.5],
			"to": [3.5, 6.5, 9.5],
			"rotation": {"angle": 0, "axis": "y", "origin": [0, 1, 5]},
			"faces": {
				"north": {"uv": [1.75, 8, 2, 8.25], "texture": "#1"},
				"east": {"uv": [7, 1.25, 7.75, 1.5], "texture": "#1"},
				"south": {"uv": [4, 8, 4.25, 8.25], "texture": "#1"},
				"west": {"uv": [7.5, 3.25, 8.25, 3.5], "texture": "#1"},
				"up": {"uv": [3.5, 8.25, 3.25, 7.5], "texture": "#1"},
				"down": {"uv": [5.25, 7.5, 5, 8.25], "texture": "#1"}
			}
		},
		{
			"from": [2.5, 7, 6],
			"to": [3.5, 8, 7],
			"rotation": {"angle": 0, "axis": "y", "origin": [0, 5, 4]},
			"faces": {
				"north": {"uv": [4.25, 8, 4.5, 8.25], "texture": "#1"},
				"east": {"uv": [4.5, 8, 4.75, 8.25], "texture": "#1"},
				"south": {"uv": [8, 4.5, 8.25, 4.75], "texture": "#1"},
				"west": {"uv": [4.75, 8, 5, 8.25], "texture": "#1"},
				"up": {"uv": [8.25, 5, 8, 4.75], "texture": "#1"},
				"down": {"uv": [8.25, 5, 8, 5.25], "texture": "#1"}
			}
		},
		{
			"from": [2.5, 7, 9],
			"to": [3.5, 8, 10],
			"rotation": {"angle": 0, "axis": "y", "origin": [0, 5, 7]},
			"faces": {
				"north": {"uv": [8, 5.25, 8.25, 5.5], "texture": "#1"},
				"east": {"uv": [8, 5.5, 8.25, 5.75], "texture": "#1"},
				"south": {"uv": [8, 5.75, 8.25, 6], "texture": "#1"},
				"west": {"uv": [8, 6, 8.25, 6.25], "texture": "#1"},
				"up": {"uv": [8.25, 6.5, 8, 6.25], "texture": "#1"},
				"down": {"uv": [7.5, 8, 7.25, 8.25], "texture": "#1"}
			}
		},
		{
			"from": [2.5, 4, 9],
			"to": [3.5, 5, 10],
			"rotation": {"angle": 0, "axis": "y", "origin": [0, 2, 7]},
			"faces": {
				"north": {"uv": [7.5, 8, 7.75, 8.25], "texture": "#1"},
				"east": {"uv": [8, 7.5, 8.25, 7.75], "texture": "#1"},
				"south": {"uv": [8, 7.75, 8.25, 8], "texture": "#1"},
				"west": {"uv": [8, 8, 8.25, 8.25], "texture": "#1"},
				"up": {"uv": [8.5, 0.75, 8.25, 0.5], "texture": "#1"},
				"down": {"uv": [8.5, 0.75, 8.25, 1], "texture": "#1"}
			}
		},
		{
			"from": [2.5, 4, 6],
			"to": [3.5, 5, 7],
			"rotation": {"angle": 0, "axis": "y", "origin": [0, 2, 4]},
			"faces": {
				"north": {"uv": [1, 8.25, 1.25, 8.5], "texture": "#1"},
				"east": {"uv": [1.25, 8.25, 1.5, 8.5], "texture": "#1"},
				"south": {"uv": [8.25, 1.25, 8.5, 1.5], "texture": "#1"},
				"west": {"uv": [8.25, 1.5, 8.5, 1.75], "texture": "#1"},
				"up": {"uv": [2, 8.5, 1.75, 8.25], "texture": "#1"},
				"down": {"uv": [8.5, 2, 8.25, 2.25], "texture": "#1"}
			}
		},
		{
			"from": [2.5, 3, 5],
			"to": [3.5, 4, 11],
			"rotation": {"angle": 0, "axis": "y", "origin": [0, 1, 3]},
			"faces": {
				"north": {"uv": [8.25, 2.25, 8.5, 2.5], "texture": "#1"},
				"east": {"uv": [4.5, 4, 6, 4.25], "texture": "#1"},
				"south": {"uv": [2.5, 8.25, 2.75, 8.5], "texture": "#1"},
				"west": {"uv": [4.5, 4.25, 6, 4.5], "texture": "#1"},
				"up": {"uv": [4.75, 6, 4.5, 4.5], "texture": "#1"},
				"down": {"uv": [5, 0, 4.75, 1.5], "texture": "#1"}
			}
		},
		{
			"from": [2.5, 4, 5],
			"to": [3.5, 8, 6],
			"rotation": {"angle": 0, "axis": "y", "origin": [0, 1, 3]},
			"faces": {
				"north": {"uv": [2.5, 6.25, 2.75, 7.25], "texture": "#1"},
				"east": {"uv": [2.75, 6.25, 3, 7.25], "texture": "#1"},
				"south": {"uv": [5, 6.5, 5.25, 7.5], "texture": "#1"},
				"west": {"uv": [3.5, 6.75, 3.75, 7.75], "texture": "#1"},
				"up": {"uv": [8.5, 2.75, 8.25, 2.5], "texture": "#1"},
				"down": {"uv": [3, 8.25, 2.75, 8.5], "texture": "#1"}
			}
		},
		{
			"from": [2.5, 4, 10],
			"to": [3.5, 8, 11],
			"rotation": {"angle": 0, "axis": "y", "origin": [0, 1, 8]},
			"faces": {
				"north": {"uv": [3.75, 6.75, 4, 7.75], "texture": "#1"},
				"east": {"uv": [4, 6.75, 4.25, 7.75], "texture": "#1"},
				"south": {"uv": [4.25, 6.75, 4.5, 7.75], "texture": "#1"},
				"west": {"uv": [4.5, 6.75, 4.75, 7.75], "texture": "#1"},
				"up": {"uv": [8.5, 3, 8.25, 2.75], "texture": "#1"},
				"down": {"uv": [8.5, 3, 8.25, 3.25], "texture": "#1"}
			}
		},
		{
			"from": [2.5, 4.5, 7.5],
			"to": [3.5, 7.5, 8.5],
			"rotation": {"angle": 0, "axis": "y", "origin": [0, 1, 5]},
			"faces": {
				"north": {"uv": [7.5, 5, 7.75, 5.75], "texture": "#1"},
				"east": {"uv": [5.25, 7.5, 5.5, 8.25], "texture": "#1"},
				"south": {"uv": [5.5, 7.5, 5.75, 8.25], "texture": "#1"},
				"west": {"uv": [7.5, 5.75, 7.75, 6.5], "texture": "#1"},
				"up": {"uv": [3.5, 8.5, 3.25, 8.25], "texture": "#1"},
				"down": {"uv": [8.5, 3.25, 8.25, 3.5], "texture": "#1"}
			}
		},
		{
			"from": [2.5, 8, 5],
			"to": [3.5, 9, 11],
			"rotation": {"angle": 0, "axis": "y", "origin": [0, 6, 3]},
			"faces": {
				"north": {"uv": [3.5, 8.25, 3.75, 8.5], "texture": "#1"},
				"east": {"uv": [4.75, 1.5, 6.25, 1.75], "texture": "#1"},
				"south": {"uv": [3.75, 8.25, 4, 8.5], "texture": "#1"},
				"west": {"uv": [4.75, 1.75, 6.25, 2], "texture": "#1"},
				"up": {"uv": [5, 3.5, 4.75, 2], "texture": "#1"},
				"down": {"uv": [5, 4.5, 4.75, 6], "texture": "#1"}
			}
		},
		{
			"from": [2, 9, 5],
			"to": [3, 10, 11],
			"rotation": {"angle": 0, "axis": "y", "origin": [0, 7, 3]},
			"faces": {
				"north": {"uv": [4, 8.25, 4.25, 8.5], "texture": "#1"},
				"east": {"uv": [4.75, 3.5, 6.25, 3.75], "texture": "#1"},
				"south": {"uv": [8.25, 4, 8.5, 4.25], "texture": "#1"},
				"west": {"uv": [4.75, 3.75, 6.25, 4], "texture": "#1"},
				"up": {"uv": [5.25, 1.5, 5, 0], "texture": "#1"},
				"down": {"uv": [5.25, 2, 5, 3.5], "texture": "#1"}
			}
		},
		{
			"from": [2, 2, 5],
			"to": [3, 3, 11],
			"rotation": {"angle": 0, "axis": "y", "origin": [0, 0, 3]},
			"faces": {
				"north": {"uv": [4.25, 8.25, 4.5, 8.5], "texture": "#1"},
				"east": {"uv": [5, 4.5, 6.5, 4.75], "texture": "#1"},
				"south": {"uv": [8.25, 4.25, 8.5, 4.5], "texture": "#1"},
				"west": {"uv": [5, 4.75, 6.5, 5], "texture": "#1"},
				"up": {"uv": [5.25, 6.5, 5, 5], "texture": "#1"},
				"down": {"uv": [5.5, 0, 5.25, 1.5], "texture": "#1"}
			}
		},
		{
			"from": [2, 2, 11],
			"to": [3, 10, 13],
			"rotation": {"angle": 0, "axis": "y", "origin": [0, 0, 9]},
			"faces": {
				"north": {"uv": [2, 4, 2.25, 6], "texture": "#1"},
				"east": {"uv": [3, 0, 3.5, 2], "texture": "#1"},
				"south": {"uv": [4, 2, 4.25, 4], "texture": "#1"},
				"west": {"uv": [3, 2, 3.5, 4], "texture": "#1"},
				"up": {"uv": [8.25, 1, 8, 0.5], "texture": "#1"},
				"down": {"uv": [1, 8, 0.75, 8.5], "texture": "#1"}
			}
		},
		{
			"from": [2, 2, 2],
			"to": [3, 10, 5],
			"faces": {
				"north": {"uv": [2.25, 4, 2.5, 6], "texture": "#1"},
				"east": {"uv": [1.5, 0, 2.25, 2], "texture": "#1"},
				"south": {"uv": [2.5, 4, 2.75, 6], "texture": "#1"},
				"west": {"uv": [0, 2, 0.75, 4], "texture": "#1"},
				"up": {"uv": [7.75, 7.25, 7.5, 6.5], "texture": "#1"},
				"down": {"uv": [7.75, 7.25, 7.5, 8], "texture": "#1"}
			}
		},
		{
			"from": [6.5, 5.5, 12.5],
			"to": [9.5, 6.5, 13.5],
			"rotation": {"angle": 0, "axis": "y", "origin": [7.75, 6, 13.25]},
			"faces": {
				"north": {"uv": [7.5, 4, 8.25, 4.25], "texture": "#1"},
				"east": {"uv": [4.5, 8.25, 4.75, 8.5], "texture": "#1"},
				"south": {"uv": [7.5, 4.25, 8.25, 4.5], "texture": "#1"},
				"west": {"uv": [8.25, 4.5, 8.5, 4.75], "texture": "#1"},
				"up": {"uv": [8.5, 0.25, 7.75, 0], "texture": "#1"},
				"down": {"uv": [8.5, 0.25, 7.75, 0.5], "texture": "#1"}
			}
		},
		{
			"from": [6, 7, 12.5],
			"to": [7, 8, 13.5],
			"rotation": {"angle": 0, "axis": "y", "origin": [7.75, 6, 13.25]},
			"faces": {
				"north": {"uv": [4.75, 8.25, 5, 8.5], "texture": "#1"},
				"east": {"uv": [8.25, 4.75, 8.5, 5], "texture": "#1"},
				"south": {"uv": [5, 8.25, 5.25, 8.5], "texture": "#1"},
				"west": {"uv": [8.25, 5, 8.5, 5.25], "texture": "#1"},
				"up": {"uv": [5.5, 8.5, 5.25, 8.25], "texture": "#1"},
				"down": {"uv": [8.5, 5.25, 8.25, 5.5], "texture": "#1"}
			}
		},
		{
			"from": [9, 7, 12.5],
			"to": [10, 8, 13.5],
			"rotation": {"angle": 0, "axis": "y", "origin": [7.75, 6, 13.25]},
			"faces": {
				"north": {"uv": [5.5, 8.25, 5.75, 8.5], "texture": "#1"},
				"east": {"uv": [8.25, 5.5, 8.5, 5.75], "texture": "#1"},
				"south": {"uv": [8.25, 5.75, 8.5, 6], "texture": "#1"},
				"west": {"uv": [8.25, 6, 8.5, 6.25], "texture": "#1"},
				"up": {"uv": [8.5, 6.5, 8.25, 6.25], "texture": "#1"},
				"down": {"uv": [7.5, 8.25, 7.25, 8.5], "texture": "#1"}
			}
		},
		{
			"from": [9, 4, 12.5],
			"to": [10, 5, 13.5],
			"rotation": {"angle": 0, "axis": "y", "origin": [7.75, 6, 13.25]},
			"faces": {
				"north": {"uv": [7.5, 8.25, 7.75, 8.5], "texture": "#1"},
				"east": {"uv": [8.25, 7.5, 8.5, 7.75], "texture": "#1"},
				"south": {"uv": [7.75, 8.25, 8, 8.5], "texture": "#1"},
				"west": {"uv": [8.25, 7.75, 8.5, 8], "texture": "#1"},
				"up": {"uv": [8.25, 8.5, 8, 8.25], "texture": "#1"},
				"down": {"uv": [8.5, 8, 8.25, 8.25], "texture": "#1"}
			}
		},
		{
			"from": [6, 4, 12.5],
			"to": [7, 5, 13.5],
			"rotation": {"angle": 0, "axis": "y", "origin": [7.75, 6, 13.25]},
			"faces": {
				"north": {"uv": [8.25, 8.25, 8.5, 8.5], "texture": "#1"},
				"east": {"uv": [0, 8.5, 0.25, 8.75], "texture": "#1"},
				"south": {"uv": [8.5, 0, 8.75, 0.25], "texture": "#1"},
				"west": {"uv": [0.25, 8.5, 0.5, 8.75], "texture": "#1"},
				"up": {"uv": [8.75, 0.5, 8.5, 0.25], "texture": "#1"},
				"down": {"uv": [8.75, 0.5, 8.5, 0.75], "texture": "#1"}
			}
		},
		{
			"from": [5, 3, 12.5],
			"to": [11, 4, 13.5],
			"rotation": {"angle": 0, "axis": "y", "origin": [7.75, 6, 13.25]},
			"faces": {
				"north": {"uv": [5.25, 2, 6.75, 2.25], "texture": "#1"},
				"east": {"uv": [0.75, 8.5, 1, 8.75], "texture": "#1"},
				"south": {"uv": [5.25, 2.25, 6.75, 2.5], "texture": "#1"},
				"west": {"uv": [8.5, 0.75, 8.75, 1], "texture": "#1"},
				"up": {"uv": [6.75, 2.75, 5.25, 2.5], "texture": "#1"},
				"down": {"uv": [6.75, 2.75, 5.25, 3], "texture": "#1"}
			}
		},
		{
			"from": [5, 4, 12.5],
			"to": [6, 8, 13.5],
			"rotation": {"angle": 0, "axis": "y", "origin": [7.75, 6, 13.25]},
			"faces": {
				"north": {"uv": [4.75, 6.75, 5, 7.75], "texture": "#1"},
				"east": {"uv": [6.75, 5, 7, 6], "texture": "#1"},
				"south": {"uv": [5.75, 6.75, 6, 7.75], "texture": "#1"},
				"west": {"uv": [6, 6.75, 6.25, 7.75], "texture": "#1"},
				"up": {"uv": [1.25, 8.75, 1, 8.5], "texture": "#1"},
				"down": {"uv": [8.75, 1, 8.5, 1.25], "texture": "#1"}
			}
		},
		{
			"from": [10, 4, 12.5],
			"to": [11, 8, 13.5],
			"rotation": {"angle": 0, "axis": "y", "origin": [7.75, 6, 13.25]},
			"faces": {
				"north": {"uv": [6.25, 6.75, 6.5, 7.75], "texture": "#1"},
				"east": {"uv": [6.5, 6.75, 6.75, 7.75], "texture": "#1"},
				"south": {"uv": [6.75, 6.75, 7, 7.75], "texture": "#1"},
				"west": {"uv": [7, 0, 7.25, 1], "texture": "#1"},
				"up": {"uv": [1.5, 8.75, 1.25, 8.5], "texture": "#1"},
				"down": {"uv": [8.75, 1.25, 8.5, 1.5], "texture": "#1"}
			}
		},
		{
			"from": [7.5, 4.5, 12.5],
			"to": [8.5, 7.5, 13.5],
			"rotation": {"angle": 0, "axis": "y", "origin": [7.75, 6, 13.25]},
			"faces": {
				"north": {"uv": [0, 7.75, 0.25, 8.5], "texture": "#1"},
				"east": {"uv": [0.25, 7.75, 0.5, 8.5], "texture": "#1"},
				"south": {"uv": [7.75, 0.5, 8, 1.25], "texture": "#1"},
				"west": {"uv": [7.75, 1.25, 8, 2], "texture": "#1"},
				"up": {"uv": [1.75, 8.75, 1.5, 8.5], "texture": "#1"},
				"down": {"uv": [8.75, 1.5, 8.5, 1.75], "texture": "#1"}
			}
		},
		{
			"from": [5, 8, 12.5],
			"to": [11, 9, 13.5],
			"rotation": {"angle": 0, "axis": "y", "origin": [7.75, 6, 13.25]},
			"faces": {
				"north": {"uv": [5.25, 3, 6.75, 3.25], "texture": "#1"},
				"east": {"uv": [1.75, 8.5, 2, 8.75], "texture": "#1"},
				"south": {"uv": [5.25, 3.25, 6.75, 3.5], "texture": "#1"},
				"west": {"uv": [8.5, 1.75, 8.75, 2], "texture": "#1"},
				"up": {"uv": [6.75, 5.25, 5.25, 5], "texture": "#1"},
				"down": {"uv": [6.75, 5.25, 5.25, 5.5], "texture": "#1"}
			}
		},
		{
			"from": [5, 9, 13],
			"to": [11, 10, 14],
			"rotation": {"angle": 0, "axis": "y", "origin": [7.75, 6, 13.25]},
			"faces": {
				"north": {"uv": [5.5, 0, 7, 0.25], "texture": "#1"},
				"east": {"uv": [2, 8.5, 2.25, 8.75], "texture": "#1"},
				"south": {"uv": [5.5, 0.25, 7, 0.5], "texture": "#1"},
				"west": {"uv": [8.5, 2, 8.75, 2.25], "texture": "#1"},
				"up": {"uv": [7, 0.75, 5.5, 0.5], "texture": "#1"},
				"down": {"uv": [7, 0.75, 5.5, 1], "texture": "#1"}
			}
		},
		{
			"from": [5, 2, 13],
			"to": [11, 3, 14],
			"rotation": {"angle": 0, "axis": "y", "origin": [7.75, 6, 13.25]},
			"faces": {
				"north": {"uv": [5.5, 1, 7, 1.25], "texture": "#1"},
				"east": {"uv": [2.25, 8.5, 2.5, 8.75], "texture": "#1"},
				"south": {"uv": [5.5, 1.25, 7, 1.5], "texture": "#1"},
				"west": {"uv": [8.5, 2.25, 8.75, 2.5], "texture": "#1"},
				"up": {"uv": [6.75, 5.75, 5.25, 5.5], "texture": "#1"},
				"down": {"uv": [6.75, 5.75, 5.25, 6], "texture": "#1"}
			}
		},
		{
			"from": [11, 2, 13],
			"to": [13, 10, 14],
			"rotation": {"angle": 0, "axis": "y", "origin": [7.75, 6, 13.25]},
			"faces": {
				"north": {"uv": [3.5, 0, 4, 2], "texture": "#1"},
				"east": {"uv": [2.75, 4, 3, 6], "texture": "#1"},
				"south": {"uv": [3.5, 2, 4, 4], "texture": "#1"},
				"west": {"uv": [3, 4, 3.25, 6], "texture": "#1"},
				"up": {"uv": [1.5, 8.25, 1, 8], "texture": "#1"},
				"down": {"uv": [8.5, 1, 8, 1.25], "texture": "#1"}
			}
		},
		{
			"from": [2, 2, 13],
			"to": [5, 10, 14],
			"rotation": {"angle": 0, "axis": "y", "origin": [7.75, 6, 13.25]},
			"faces": {
				"north": {"uv": [0.75, 2, 1.5, 4], "texture": "#1"},
				"east": {"uv": [3.25, 4, 3.5, 6], "texture": "#1"},
				"south": {"uv": [1.5, 2, 2.25, 4], "texture": "#1"},
				"west": {"uv": [3.5, 4, 3.75, 6], "texture": "#1"},
				"up": {"uv": [4.25, 8, 3.5, 7.75], "texture": "#1"},
				"down": {"uv": [8.5, 3.5, 7.75, 3.75], "texture": "#1"}
			}
		},
		{
			"from": [12.5, 5.5, 6.5],
			"to": [13.5, 6.5, 9.5],
			"rotation": {"angle": 0, "axis": "y", "origin": [13.25, 6, 8.25]},
			"faces": {
				"north": {"uv": [2.5, 8.5, 2.75, 8.75], "texture": "#1"},
				"east": {"uv": [7.75, 3.75, 8.5, 4], "texture": "#1"},
				"south": {"uv": [8.5, 2.5, 8.75, 2.75], "texture": "#1"},
				"west": {"uv": [4.25, 7.75, 5, 8], "texture": "#1"},
				"up": {"uv": [2.25, 8.5, 2, 7.75], "texture": "#1"},
				"down": {"uv": [2.5, 7.75, 2.25, 8.5], "texture": "#1"}
			}
		},
		{
			"from": [12.5, 7, 9],
			"to": [13.5, 8, 10],
			"rotation": {"angle": 0, "axis": "y", "origin": [13.25, 6, 8.25]},
			"faces": {
				"north": {"uv": [2.75, 8.5, 3, 8.75], "texture": "#1"},
				"east": {"uv": [8.5, 2.75, 8.75, 3], "texture": "#1"},
				"south": {"uv": [3, 8.5, 3.25, 8.75], "texture": "#1"},
				"west": {"uv": [8.5, 3, 8.75, 3.25], "texture": "#1"},
				"up": {"uv": [3.5, 8.75, 3.25, 8.5], "texture": "#1"},
				"down": {"uv": [8.75, 3.25, 8.5, 3.5], "texture": "#1"}
			}
		},
		{
			"from": [12.5, 7, 6],
			"to": [13.5, 8, 7],
			"rotation": {"angle": 0, "axis": "y", "origin": [13.25, 6, 8.25]},
			"faces": {
				"north": {"uv": [3.5, 8.5, 3.75, 8.75], "texture": "#1"},
				"east": {"uv": [8.5, 3.5, 8.75, 3.75], "texture": "#1"},
				"south": {"uv": [3.75, 8.5, 4, 8.75], "texture": "#1"},
				"west": {"uv": [8.5, 3.75, 8.75, 4], "texture": "#1"},
				"up": {"uv": [4.25, 8.75, 4, 8.5], "texture": "#1"},
				"down": {"uv": [8.75, 4, 8.5, 4.25], "texture": "#1"}
			}
		},
		{
			"from": [12.5, 4, 6],
			"to": [13.5, 5, 7],
			"rotation": {"angle": 0, "axis": "y", "origin": [13.25, 6, 8.25]},
			"faces": {
				"north": {"uv": [4.25, 8.5, 4.5, 8.75], "texture": "#1"},
				"east": {"uv": [8.5, 4.25, 8.75, 4.5], "texture": "#1"},
				"south": {"uv": [4.5, 8.5, 4.75, 8.75], "texture": "#1"},
				"west": {"uv": [8.5, 4.5, 8.75, 4.75], "texture": "#1"},
				"up": {"uv": [5, 8.75, 4.75, 8.5], "texture": "#1"},
				"down": {"uv": [8.75, 4.75, 8.5, 5], "texture": "#1"}
			}
		},
		{
			"from": [12.5, 4, 9],
			"to": [13.5, 5, 10],
			"rotation": {"angle": 0, "axis": "y", "origin": [13.25, 6, 8.25]},
			"faces": {
				"north": {"uv": [5, 8.5, 5.25, 8.75], "texture": "#1"},
				"east": {"uv": [8.5, 5, 8.75, 5.25], "texture": "#1"},
				"south": {"uv": [5.25, 8.5, 5.5, 8.75], "texture": "#1"},
				"west": {"uv": [8.5, 5.25, 8.75, 5.5], "texture": "#1"},
				"up": {"uv": [5.75, 8.75, 5.5, 8.5], "texture": "#1"},
				"down": {"uv": [8.75, 5.5, 8.5, 5.75], "texture": "#1"}
			}
		},
		{
			"from": [12.5, 3, 5],
			"to": [13.5, 4, 11],
			"rotation": {"angle": 0, "axis": "y", "origin": [13.25, 6, 8.25]},
			"faces": {
				"north": {"uv": [5.75, 8.5, 6, 8.75], "texture": "#1"},
				"east": {"uv": [0, 6, 1.5, 6.25], "texture": "#1"},
				"south": {"uv": [8.5, 5.75, 8.75, 6], "texture": "#1"},
				"west": {"uv": [1.5, 6, 3, 6.25], "texture": "#1"},
				"up": {"uv": [3.25, 7.5, 3, 6], "texture": "#1"},
				"down": {"uv": [3.5, 6, 3.25, 7.5], "texture": "#1"}
			}
		},
		{
			"from": [12.5, 4, 10],
			"to": [13.5, 8, 11],
			"rotation": {"angle": 0, "axis": "y", "origin": [13.25, 6, 8.25]},
			"faces": {
				"north": {"uv": [0.5, 7, 0.75, 8], "texture": "#1"},
				"east": {"uv": [0.75, 7, 1, 8], "texture": "#1"},
				"south": {"uv": [1, 7, 1.25, 8], "texture": "#1"},
				"west": {"uv": [1.25, 7, 1.5, 8], "texture": "#1"},
				"up": {"uv": [6.25, 8.75, 6, 8.5], "texture": "#1"},
				"down": {"uv": [8.75, 6, 8.5, 6.25], "texture": "#1"}
			}
		},
		{
			"from": [12.5, 4, 5],
			"to": [13.5, 8, 6],
			"rotation": {"angle": 0, "axis": "y", "origin": [13.25, 6, 8.25]},
			"faces": {
				"north": {"uv": [1.5, 7, 1.75, 8], "texture": "#1"},
				"east": {"uv": [1.75, 7, 2, 8], "texture": "#1"},
				"south": {"uv": [7, 5, 7.25, 6], "texture": "#1"},
				"west": {"uv": [7, 6.75, 7.25, 7.75], "texture": "#1"},
				"up": {"uv": [6.5, 8.75, 6.25, 8.5], "texture": "#1"},
				"down": {"uv": [8.75, 6.25, 8.5, 6.5], "texture": "#1"}
			}
		},
		{
			"from": [12.5, 4.5, 7.5],
			"to": [13.5, 7.5, 8.5],
			"rotation": {"angle": 0, "axis": "y", "origin": [13.25, 6, 8.25]},
			"faces": {
				"north": {"uv": [7.75, 5, 8, 5.75], "texture": "#1"},
				"east": {"uv": [5.75, 7.75, 6, 8.5], "texture": "#1"},
				"south": {"uv": [7.75, 5.75, 8, 6.5], "texture": "#1"},
				"west": {"uv": [6, 7.75, 6.25, 8.5], "texture": "#1"},
				"up": {"uv": [6.75, 8.75, 6.5, 8.5], "texture": "#1"},
				"down": {"uv": [8.75, 6.5, 8.5, 6.75], "texture": "#1"}
			}
		},
		{
			"from": [12.5, 8, 5],
			"to": [13.5, 9, 11],
			"rotation": {"angle": 0, "axis": "y", "origin": [13.25, 6, 8.25]},
			"faces": {
				"north": {"uv": [6.75, 8.5, 7, 8.75], "texture": "#1"},
				"east": {"uv": [3.5, 6, 5, 6.25], "texture": "#1"},
				"south": {"uv": [8.5, 6.75, 8.75, 7], "texture": "#1"},
				"west": {"uv": [6, 4, 7.5, 4.25], "texture": "#1"},
				"up": {"uv": [5.5, 7.5, 5.25, 6], "texture": "#1"},
				"down": {"uv": [5.75, 6, 5.5, 7.5], "texture": "#1"}
			}
		},
		{
			"from": [13, 9, 5],
			"to": [14, 10, 11],
			"rotation": {"angle": 0, "axis": "y", "origin": [13.25, 6, 8.25]},
			"faces": {
				"north": {"uv": [7, 8.5, 7.25, 8.75], "texture": "#1"},
				"east": {"uv": [6, 4.25, 7.5, 4.5], "texture": "#1"},
				"south": {"uv": [8.5, 7, 8.75, 7.25], "texture": "#1"},
				"west": {"uv": [5.75, 6, 7.25, 6.25], "texture": "#1"},
				"up": {"uv": [0.25, 7.75, 0, 6.25], "texture": "#1"},
				"down": {"uv": [0.5, 6.25, 0.25, 7.75], "texture": "#1"}
			}
		},
		{
			"from": [13, 2, 5],
			"to": [14, 3, 11],
			"rotation": {"angle": 0, "axis": "y", "origin": [13.25, 6, 8.25]},
			"faces": {
				"north": {"uv": [7.25, 8.5, 7.5, 8.75], "texture": "#1"},
				"east": {"uv": [0.5, 6.25, 2, 6.5], "texture": "#1"},
				"south": {"uv": [8.5, 7.25, 8.75, 7.5], "texture": "#1"},
				"west": {"uv": [6.25, 1.5, 7.75, 1.75], "texture": "#1"},
				"up": {"uv": [2.25, 7.75, 2, 6.25], "texture": "#1"},
				"down": {"uv": [2.5, 6.25, 2.25, 7.75], "texture": "#1"}
			}
		},
		{
			"from": [13, 2, 3],
			"to": [14, 10, 5],
			"rotation": {"angle": 0, "axis": "y", "origin": [13.25, 6, 8.25]},
			"faces": {
				"north": {"uv": [3.75, 4, 4, 6], "texture": "#1"},
				"east": {"uv": [0, 4, 0.5, 6], "texture": "#1"},
				"south": {"uv": [4, 4, 4.25, 6], "texture": "#1"},
				"west": {"uv": [4, 0, 4.5, 2], "texture": "#1"},
				"up": {"uv": [8.25, 1.75, 8, 1.25], "texture": "#1"},
				"down": {"uv": [1.75, 8, 1.5, 8.5], "texture": "#1"}
			}
		},
		{
			"from": [13, 2, 11],
			"to": [14, 10, 14],
			"rotation": {"angle": 0, "axis": "y", "origin": [13.25, 6, 8.25]},
			"faces": {
				"north": {"uv": [4.25, 2, 4.5, 4], "texture": "#1"},
				"east": {"uv": [2.25, 0, 3, 2], "texture": "#1"},
				"south": {"uv": [4.25, 4, 4.5, 6], "texture": "#1"},
				"west": {"uv": [2.25, 2, 3, 4], "texture": "#1"},
				"up": {"uv": [6.5, 8.5, 6.25, 7.75], "texture": "#1"},
				"down": {"uv": [6.75, 7.75, 6.5, 8.5], "texture": "#1"}
			}
		},
		{
			"from": [6.5, 5.5, 2.5],
			"to": [9.5, 6.5, 3.5],
			"rotation": {"angle": 0, "axis": "y", "origin": [8.25, 6, 2.75]},
			"faces": {
				"north": {"uv": [7.75, 6.5, 8.5, 6.75], "texture": "#1"},
				"east": {"uv": [7.5, 8.5, 7.75, 8.75], "texture": "#1"},
				"south": {"uv": [7.75, 6.75, 8.5, 7], "texture": "#1"},
				"west": {"uv": [8.5, 7.5, 8.75, 7.75], "texture": "#1"},
				"up": {"uv": [8.5, 7.25, 7.75, 7], "texture": "#1"},
				"down": {"uv": [8.5, 7.25, 7.75, 7.5], "texture": "#1"}
			}
		},
		{
			"from": [9, 7, 2.5],
			"to": [10, 8, 3.5],
			"rotation": {"angle": 0, "axis": "y", "origin": [8.25, 6, 2.75]},
			"faces": {
				"north": {"uv": [7.75, 8.5, 8, 8.75], "texture": "#1"},
				"east": {"uv": [8.5, 7.75, 8.75, 8], "texture": "#1"},
				"south": {"uv": [8, 8.5, 8.25, 8.75], "texture": "#1"},
				"west": {"uv": [8.5, 8, 8.75, 8.25], "texture": "#1"},
				"up": {"uv": [8.5, 8.75, 8.25, 8.5], "texture": "#1"},
				"down": {"uv": [8.75, 8.25, 8.5, 8.5], "texture": "#1"}
			}
		},
		{
			"from": [6, 7, 2.5],
			"to": [7, 8, 3.5],
			"rotation": {"angle": 0, "axis": "y", "origin": [8.25, 6, 2.75]},
			"faces": {
				"north": {"uv": [8.5, 8.5, 8.75, 8.75], "texture": "#1"},
				"east": {"uv": [0, 8.75, 0.25, 9], "texture": "#1"},
				"south": {"uv": [8.75, 0, 9, 0.25], "texture": "#1"},
				"west": {"uv": [0.25, 8.75, 0.5, 9], "texture": "#1"},
				"up": {"uv": [9, 0.5, 8.75, 0.25], "texture": "#1"},
				"down": {"uv": [0.75, 8.75, 0.5, 9], "texture": "#1"}
			}
		},
		{
			"from": [6, 4, 2.5],
			"to": [7, 5, 3.5],
			"rotation": {"angle": 0, "axis": "y", "origin": [8.25, 6, 2.75]},
			"faces": {
				"north": {"uv": [8.75, 0.5, 9, 0.75], "texture": "#1"},
				"east": {"uv": [0.75, 8.75, 1, 9], "texture": "#1"},
				"south": {"uv": [8.75, 0.75, 9, 1], "texture": "#1"},
				"west": {"uv": [1, 8.75, 1.25, 9], "texture": "#1"},
				"up": {"uv": [9, 1.25, 8.75, 1], "texture": "#1"},
				"down": {"uv": [1.5, 8.75, 1.25, 9], "texture": "#1"}
			}
		},
		{
			"from": [9, 4, 2.5],
			"to": [10, 5, 3.5],
			"rotation": {"angle": 0, "axis": "y", "origin": [8.25, 6, 2.75]},
			"faces": {
				"north": {"uv": [8.75, 1.25, 9, 1.5], "texture": "#1"},
				"east": {"uv": [1.5, 8.75, 1.75, 9], "texture": "#1"},
				"south": {"uv": [8.75, 1.5, 9, 1.75], "texture": "#1"},
				"west": {"uv": [1.75, 8.75, 2, 9], "texture": "#1"},
				"up": {"uv": [9, 2, 8.75, 1.75], "texture": "#1"},
				"down": {"uv": [2.25, 8.75, 2, 9], "texture": "#1"}
			}
		},
		{
			"from": [5, 3, 2.5],
			"to": [11, 4, 3.5],
			"rotation": {"angle": 0, "axis": "y", "origin": [8.25, 6, 2.75]},
			"faces": {
				"north": {"uv": [6.25, 1.75, 7.75, 2], "texture": "#1"},
				"east": {"uv": [8.75, 2, 9, 2.25], "texture": "#1"},
				"south": {"uv": [3.5, 6.25, 5, 6.5], "texture": "#1"},
				"west": {"uv": [2.25, 8.75, 2.5, 9], "texture": "#1"},
				"up": {"uv": [7.75, 3.75, 6.25, 3.5], "texture": "#1"},
				"down": {"uv": [7.75, 3.75, 6.25, 4], "texture": "#1"}
			}
		},
		{
			"from": [10, 4, 2.5],
			"to": [11, 8, 3.5],
			"rotation": {"angle": 0, "axis": "y", "origin": [8.25, 6, 2.75]},
			"faces": {
				"north": {"uv": [7.25, 0, 7.5, 1], "texture": "#1"},
				"east": {"uv": [2.5, 7.25, 2.75, 8.25], "texture": "#1"},
				"south": {"uv": [2.75, 7.25, 3, 8.25], "texture": "#1"},
				"west": {"uv": [7.25, 5, 7.5, 6], "texture": "#1"},
				"up": {"uv": [9, 2.5, 8.75, 2.25], "texture": "#1"},
				"down": {"uv": [2.75, 8.75, 2.5, 9], "texture": "#1"}
			}
		},
		{
			"from": [5, 4, 2.5],
			"to": [6, 8, 3.5],
			"rotation": {"angle": 0, "axis": "y", "origin": [8.25, 6, 2.75]},
			"faces": {
				"north": {"uv": [7.25, 6, 7.5, 7], "texture": "#1"},
				"east": {"uv": [7.25, 7, 7.5, 8], "texture": "#1"},
				"south": {"uv": [7.5, 0, 7.75, 1], "texture": "#1"},
				"west": {"uv": [3, 7.5, 3.25, 8.5], "texture": "#1"},
				"up": {"uv": [9, 2.75, 8.75, 2.5], "texture": "#1"},
				"down": {"uv": [3, 8.75, 2.75, 9], "texture": "#1"}
			}
		},
		{
			"from": [7.5, 4.5, 2.5],
			"to": [8.5, 7.5, 3.5],
			"rotation": {"angle": 0, "axis": "y", "origin": [8.25, 6, 2.75]},
			"faces": {
				"north": {"uv": [6.75, 7.75, 7, 8.5], "texture": "#1"},
				"east": {"uv": [7, 7.75, 7.25, 8.5], "texture": "#1"},
				"south": {"uv": [7.75, 7.5, 8, 8.25], "texture": "#1"},
				"west": {"uv": [0.5, 8, 0.75, 8.75], "texture": "#1"},
				"up": {"uv": [9, 3, 8.75, 2.75], "texture": "#1"},
				"down": {"uv": [3.25, 8.75, 3, 9], "texture": "#1"}
			}
		},
		{
			"from": [5, 8, 2.5],
			"to": [11, 9, 3.5],
			"rotation": {"angle": 0, "axis": "y", "origin": [8.25, 6, 2.75]},
			"faces": {
				"north": {"uv": [5.75, 6.25, 7.25, 6.5], "texture": "#1"},
				"east": {"uv": [8.75, 3, 9, 3.25], "texture": "#1"},
				"south": {"uv": [0.5, 6.5, 2, 6.75], "texture": "#1"},
				"west": {"uv": [3.25, 8.75, 3.5, 9], "texture": "#1"},
				"up": {"uv": [5, 6.75, 3.5, 6.5], "texture": "#1"},
				"down": {"uv": [8, 4.5, 6.5, 4.75], "texture": "#1"}
			}
		},
		{
			"from": [5, 9, 2],
			"to": [11, 10, 3],
			"rotation": {"angle": 0, "axis": "y", "origin": [8.25, 6, 2.75]},
			"faces": {
				"north": {"uv": [6.5, 4.75, 8, 5], "texture": "#1"},
				"east": {"uv": [8.75, 3.25, 9, 3.5], "texture": "#1"},
				"south": {"uv": [5.75, 6.5, 7.25, 6.75], "texture": "#1"},
				"west": {"uv": [3.5, 8.75, 3.75, 9], "texture": "#1"},
				"up": {"uv": [2, 7, 0.5, 6.75], "texture": "#1"},
				"down": {"uv": [8.25, 2, 6.75, 2.25], "texture": "#1"}
			}
		},
		{
			"from": [5, 2, 2],
			"to": [11, 3, 3],
			"rotation": {"angle": 0, "axis": "y", "origin": [8.25, 6, 2.75]},
			"faces": {
				"north": {"uv": [6.75, 2.25, 8.25, 2.5], "texture": "#1"},
				"east": {"uv": [8.75, 3.5, 9, 3.75], "texture": "#1"},
				"south": {"uv": [6.75, 2.5, 8.25, 2.75], "texture": "#1"},
				"west": {"uv": [3.75, 8.75, 4, 9], "texture": "#1"},
				"up": {"uv": [8.25, 3, 6.75, 2.75], "texture": "#1"},
				"down": {"uv": [8.25, 3, 6.75, 3.25], "texture": "#1"}
			}
		},
		{
			"from": [3, 2, 2],
			"to": [5, 10, 3],
			"rotation": {"angle": 0, "axis": "y", "origin": [8.25, 6, 2.75]},
			"faces": {
				"north": {"uv": [0.5, 4, 1, 6], "texture": "#1"},
				"east": {"uv": [4.5, 0, 4.75, 2], "texture": "#1"},
				"south": {"uv": [1, 4, 1.5, 6], "texture": "#1"},
				"west": {"uv": [4.5, 2, 4.75, 4], "texture": "#1"},
				"up": {"uv": [8.5, 2, 8, 1.75], "texture": "#1"},
				"down": {"uv": [4, 8, 3.5, 8.25], "texture": "#1"}
			}
		},
		{
			"from": [11, 2, 2],
			"to": [14, 10, 3],
			"rotation": {"angle": 0, "axis": "y", "origin": [8.25, 6, 2.75]},
			"faces": {
				"north": {"uv": [0, 0, 0.75, 2], "texture": "#1"},
				"east": {"uv": [1.5, 4, 1.75, 6], "texture": "#1"},
				"south": {"uv": [0.75, 0, 1.5, 2], "texture": "#1"},
				"west": {"uv": [1.75, 4, 2, 6], "texture": "#1"},
				"up": {"uv": [7.5, 3.5, 6.75, 3.25], "texture": "#1"},
				"down": {"uv": [7.75, 1, 7, 1.25], "texture": "#1"}
			}
		}
	],
	"display": {
		"firstperson_lefthand": {
			"scale": [1.6, 1.6, 1.6]
		},
		"head": {
			"scale": [1.6, 1.6, 1.6]
		}
	},
	"groups": [
		{
			"name": "group",
			"origin": [0, 0, 0],
			"color": 0,
			"children": [0, 1, 2, 3, 4]
		},
		{
			"name": "group",
			"origin": [0, 0, 0],
			"color": 0,
			"children": [5, 6, 7, 8, 9, 10, 11, 12, 13, 14, 15, 16, 17, 18]
		},
		{
			"name": "group",
			"origin": [0, 0, 0],
			"color": 0,
			"children": [19, 20, 21, 22, 23, 24, 25, 26, 27, 28, 29, 30, 31, 32]
		},
		{
			"name": "group",
			"origin": [0, 0, 0],
			"color": 0,
			"children": [33, 34, 35, 36, 37, 38, 39, 40, 41, 42, 43, 44, 45, 46]
		},
		{
			"name": "group",
			"origin": [0, 0, 0],
			"color": 0,
			"children": [47, 48, 49, 50, 51, 52, 53, 54, 55, 56, 57, 58, 59, 60]
		}
	]
}