{
	"format_version": "1.21.6",
	"credit": "Made with Blockbench",
	"texture_size": [32, 32],
	"textures": {
		"0": "item/custom/sign_ground",
		"1": "item/custom/sign_text_leitung",
		"particle": "item/custom/sign_ground"
	},
	"elements": [
		{
			"from": [8, 4, 8],
			"to": [9, 6, 9],
			"rotation": {"angle": 22.5, "axis": "y", "origin": [7, 3, 9]},
			"faces": {
				"north": {"uv": [8, 1, 8.5, 2], "texture": "#0"},
				"east": {"uv": [8, 7, 8.5, 8], "texture": "#0"},
				"south": {"uv": [8, 2.5, 8.5, 3.5], "texture": "#0"},
				"west": {"uv": [8.5, 7, 9, 8], "texture": "#0"},
				"up": {"uv": [9.5, 1.5, 9, 1], "texture": "#0"},
				"down": {"uv": [9.5, 1.5, 9, 2], "texture": "#0"}
			}
		},
		{
			"from": [7, 3, 8],
			"to": [8, 5, 9],
			"rotation": {"angle": 22.5, "axis": "y", "origin": [7, 3, 9]},
			"faces": {
				"north": {"uv": [8.5, 1.5, 9, 2.5], "texture": "#0"},
				"east": {"uv": [8, 7, 8.5, 8], "texture": "#0"},
				"south": {"uv": [8.5, 3, 9, 4], "texture": "#0"},
				"west": {"uv": [8.5, 7, 9, 8], "texture": "#0"},
				"up": {"uv": [10, 1.5, 9.5, 1], "texture": "#0"},
				"down": {"uv": [10, 1.5, 9.5, 2], "texture": "#0"}
			}
		},
		{
			"from": [7, 0, 8],
			"to": [8, 3, 9],
			"rotation": {"angle": 0, "axis": "y", "origin": [7, 0, 9]},
			"faces": {
				"north": {"uv": [8.5, 4, 9, 5.5], "texture": "#0"},
				"east": {"uv": [8, 8.5, 8.5, 10], "texture": "#0"},
				"south": {"uv": [8.5, 5.5, 9, 7], "texture": "#0"},
				"west": {"uv": [8.5, 8.5, 9, 10], "texture": "#0"},
				"up": {"uv": [10, 2.5, 9.5, 2], "texture": "#0"},
				"down": {"uv": [10, 2.5, 9.5, 3], "texture": "#0"}
			}
		},
		{
			"from": [8, 1, 8],
			"to": [9, 3, 9],
			"rotation": {"angle": 0, "axis": "y", "origin": [7, 1, 9]},
			"faces": {
				"north": {"uv": [8, 4, 8.5, 5], "texture": "#0"},
				"east": {"uv": [8, 8.5, 8.5, 10], "texture": "#0"},
				"south": {"uv": [8, 5.5, 8.5, 6.5], "texture": "#0"},
				"west": {"uv": [8.5, 8.5, 9, 10], "texture": "#0"},
				"up": {"uv": [9.5, 2.5, 9, 2], "texture": "#0"},
				"down": {"uv": [9.5, 2.5, 9, 3], "texture": "#0"}
			}
		},
		{
			"from": [2, 7, 8],
			"to": [14, 15, 9],
			"rotation": {"angle": 0, "axis": "y", "origin": [0, 6, 8]},
			"faces": {
				"north": {"uv": [0.5, 0.5, 6.5, 4.5], "texture": "#0"},
				"east": {"uv": [7.5, 1.5, 8, 5.5], "texture": "#0"},
				"south": {"uv": [6.5, 5.5, 0.5, 9.5], "texture": "#0"},
				"west": {"uv": [7.5, 6.5, 8, 10.5], "texture": "#0"},
				"up": {"uv": [14, 0.5, 8, 0], "texture": "#0"},
				"down": {"uv": [14, 0.5, 8, 1], "texture": "#0"}
			}
		},
		{
			"from": [10, 15, 8],
			"to": [13, 16, 9],
			"rotation": {"angle": 0, "axis": "y", "origin": [10, 15, 8]},
			"faces": {
				"north": {"uv": [1, 0, 2.5, 0.5], "texture": "#0"},
				"east": {"uv": [7.5, 1, 8, 1.5], "texture": "#0"},
				"south": {"uv": [2.5, 5, 1, 5.5], "texture": "#0"},
				"west": {"uv": [7.5, 6, 8, 6.5], "texture": "#0"},
				"up": {"uv": [10, 0.5, 8.5, 0], "texture": "#0"},
				"down": {"uv": [10, 0.5, 8.5, 1], "texture": "#0"}
			}
		},
		{
			"from": [3, 15, 8],
			"to": [7, 16, 9],
			"rotation": {"angle": 0, "axis": "y", "origin": [3, 15, 8]},
			"faces": {
				"north": {"uv": [4, 0, 6, 0.5], "texture": "#0"},
				"east": {"uv": [7.5, 1.5, 8, 2], "texture": "#0"},
				"south": {"uv": [6, 5.5, 4, 5], "texture": "#0"},
				"west": {"uv": [7.5, 6, 8, 6.5], "texture": "#0"},
				"up": {"uv": [13.5, 0.5, 11.5, 0], "texture": "#0"},
				"down": {"uv": [13.5, 0.5, 11.5, 1], "texture": "#0"}
			}
		},
		{
			"from": [1, 8, 8],
			"to": [2, 14, 9],
			"rotation": {"angle": 0, "axis": "y", "origin": [1, 8, 8]},
			"faces": {
				"north": {"uv": [6.5, 1, 7, 4], "texture": "#0"},
				"east": {"uv": [7.5, 1, 8, 6], "texture": "#0"},
				"south": {"uv": [6.5, 6, 7, 9], "texture": "#0"},
				"west": {"uv": [7.5, 7, 8, 10], "texture": "#0"},
				"up": {"uv": [9, 0.5, 8.5, 0], "texture": "#0"},
				"down": {"uv": [14.5, 0.5, 14, 1], "texture": "#0"}
			}
		},
		{
			"from": [0, 9, 8],
			"to": [1, 12, 9],
			"rotation": {"angle": 0, "axis": "y", "origin": [0, 9, 8]},
			"faces": {
				"north": {"uv": [7, 2, 7.5, 3.5], "texture": "#0"},
				"east": {"uv": [7.5, 1, 8, 6], "texture": "#0"},
				"south": {"uv": [7, 7, 7.5, 8.5], "texture": "#0"},
				"west": {"uv": [7.5, 8, 8, 9.5], "texture": "#0"},
				"up": {"uv": [15, 0.5, 14.5, 0], "texture": "#0"},
				"down": {"uv": [13, 0.5, 12.5, 1], "texture": "#0"}
			}
		},
		{
			"from": [3, 6, 8],
			"to": [11, 7, 9],
			"rotation": {"angle": 0, "axis": "y", "origin": [3, 6, 8]},
			"faces": {
				"north": {"uv": [2, 4.5, 6, 5], "texture": "#0"},
				"east": {"uv": [7.5, 5.5, 8, 6], "texture": "#0"},
				"south": {"uv": [6, 9.5, 2, 10], "texture": "#0"},
				"west": {"uv": [7.5, 10.5, 8, 11], "texture": "#0"},
				"up": {"uv": [13.5, 0.5, 9.5, 0], "texture": "#0"},
				"down": {"uv": [13.5, 0.5, 9.5, 1], "texture": "#0"}
			}
		},
		{
			"from": [14, 9, 8],
			"to": [15, 13, 9],
			"rotation": {"angle": 0, "axis": "y", "origin": [14, 9, 8]},
			"faces": {
				"north": {"uv": [0, 1.5, 0.5, 3.5], "texture": "#0"},
				"east": {"uv": [7.5, 2.5, 8, 4.5], "texture": "#0"},
				"south": {"uv": [0, 6.5, 0.5, 8.5], "texture": "#0"},
				"west": {"uv": [7.5, 7.5, 8, 9.5], "texture": "#0"},
				"up": {"uv": [8, 0.5, 7.5, 0], "texture": "#0"},
				"down": {"uv": [13, 0.5, 12.5, 1], "texture": "#0"}
			}
		},
		{
			"from": [0, 4.5, 7.99],
			"to": [15, 14.5, 7.99],
			"rotation": {"angle": 0, "axis": "y", "origin": [0, 4.5, 8]},
			"faces": {
				"north": {"uv": [0, 0, 10.875, 7.25], "texture": "#1"},
				"east": {"uv": [0, 0, 0, 5], "texture": "#1"},
				"south": {"uv": [0, 5, 7.5, 10], "texture": "#1"},
				"west": {"uv": [0, 0, 0, 5], "texture": "#1"},
				"up": {"uv": [7.5, 0, 0, 0], "texture": "#1"},
				"down": {"uv": [7.5, 0, 0, 0], "texture": "#1"}
			}
		}
	],
	"display": {
		"firstperson_lefthand": {
			"rotation": [0, -180, 0]
		},
		"gui": {
			"rotation": [0, -180, 0],
			"scale": [0.8, 0.8, 0.8]
		},
		"head": {
			"scale": [1.6, 1.6, 1.6]
		}
	},
	"groups": [
		{
			"name": "group",
			"origin": [7, 0, 9],
			"color": 0,
			"children": [0, 1, 2, 3]
		},
		{
			"name": "group",
			"origin": [14, 9, 8],
			"color": 0,
			"children": [4, 5, 6, 7, 8, 9, 10]
		},
		11
	]
}