{
	"credit": "Made with Blockbench",
	"texture_size": [32, 32],
	"textures": {
		"0": "item/custom/car_glass",
		"1": "item/custom/car_tiers",
		"2": "item/custom/taxi_body",
		"3": "item/custom/taxi_sign",
		"particle": "item/custom/car_glass"
	},
	"elements": [
		{
			"from": [1, 15, -3.25],
			"to": [31, 16, -2.25],
			"rotation": {"angle": 0, "axis": "y", "origin": [1, 15, -3.25]},
			"faces": {
				"north": {"uv": [2.5, 3.75, 6.25, 3.875], "texture": "#0"},
				"east": {"uv": [4.875, 6.375, 5, 6.5], "texture": "#0"},
				"south": {"uv": [2.5, 3.875, 6.25, 4], "texture": "#0"},
				"west": {"uv": [5, 6.375, 5.125, 6.5], "texture": "#0"},
				"up": {"uv": [6.25, 4.125, 2.5, 4], "texture": "#0"},
				"down": {"uv": [6.25, 4.125, 2.5, 4.25], "texture": "#0"}
			}
		},
		{
			"from": [1, 16, -2.75],
			"to": [31, 17, -1.75],
			"rotation": {"angle": 0, "axis": "y", "origin": [1, 16, -2.75]},
			"faces": {
				"north": {"uv": [2.5, 4.25, 6.25, 4.375], "texture": "#0"},
				"east": {"uv": [5.125, 6.375, 5.25, 6.5], "texture": "#0"},
				"south": {"uv": [2.5, 4.375, 6.25, 4.5], "texture": "#0"},
				"west": {"uv": [5.25, 6.375, 5.375, 6.5], "texture": "#0"},
				"up": {"uv": [6.25, 4.625, 2.5, 4.5], "texture": "#0"},
				"down": {"uv": [6.25, 4.625, 2.5, 4.75], "texture": "#0"}
			}
		},
		{
			"from": [1, 17, -2.25],
			"to": [31, 18, -1.25],
			"rotation": {"angle": 0, "axis": "y", "origin": [1, 17, -2.25]},
			"faces": {
				"north": {"uv": [4.75, 0, 8.5, 0.125], "texture": "#0"},
				"east": {"uv": [5.375, 6.375, 5.5, 6.5], "texture": "#0"},
				"south": {"uv": [4.75, 0.125, 8.5, 0.25], "texture": "#0"},
				"west": {"uv": [5.5, 6.375, 5.625, 6.5], "texture": "#0"},
				"up": {"uv": [8.5, 0.375, 4.75, 0.25], "texture": "#0"},
				"down": {"uv": [8.5, 0.375, 4.75, 0.5], "texture": "#0"}
			}
		},
		{
			"from": [1, 18, -1.75],
			"to": [31, 19, -0.75],
			"rotation": {"angle": 0, "axis": "y", "origin": [1, 18, -1.75]},
			"faces": {
				"north": {"uv": [4.75, 0.5, 8.5, 0.625], "texture": "#0"},
				"east": {"uv": [5.625, 6.375, 5.75, 6.5], "texture": "#0"},
				"south": {"uv": [4.75, 0.625, 8.5, 0.75], "texture": "#0"},
				"west": {"uv": [5.75, 6.375, 5.875, 6.5], "texture": "#0"},
				"up": {"uv": [8.5, 0.875, 4.75, 0.75], "texture": "#0"},
				"down": {"uv": [8.5, 0.875, 4.75, 1], "texture": "#0"}
			}
		},
		{
			"from": [1, 22, 0.25],
			"to": [31, 23, 1.25],
			"rotation": {"angle": 0, "axis": "y", "origin": [1, 22, 0.25]},
			"faces": {
				"north": {"uv": [4.75, 1, 8.5, 1.125], "texture": "#0"},
				"east": {"uv": [5.875, 6.375, 6, 6.5], "texture": "#0"},
				"south": {"uv": [4.75, 1.125, 8.5, 1.25], "texture": "#0"},
				"west": {"uv": [6, 6.375, 6.125, 6.5], "texture": "#0"},
				"up": {"uv": [8.5, 1.375, 4.75, 1.25], "texture": "#0"},
				"down": {"uv": [8.5, 1.375, 4.75, 1.5], "texture": "#0"}
			}
		},
		{
			"from": [1, 19, -1.25],
			"to": [31, 20, -0.25],
			"rotation": {"angle": 0, "axis": "y", "origin": [1, 19, -1.25]},
			"faces": {
				"north": {"uv": [4.75, 1.5, 8.5, 1.625], "texture": "#0"},
				"east": {"uv": [6.125, 6.375, 6.25, 6.5], "texture": "#0"},
				"south": {"uv": [4.75, 1.625, 8.5, 1.75], "texture": "#0"},
				"west": {"uv": [6.25, 6.375, 6.375, 6.5], "texture": "#0"},
				"up": {"uv": [8.5, 1.875, 4.75, 1.75], "texture": "#0"},
				"down": {"uv": [8.5, 1.875, 4.75, 2], "texture": "#0"}
			}
		},
		{
			"from": [1, 20, -0.75],
			"to": [31, 21, 0.25],
			"rotation": {"angle": 0, "axis": "y", "origin": [1, 20, -0.75]},
			"faces": {
				"north": {"uv": [4.75, 2, 8.5, 2.125], "texture": "#0"},
				"east": {"uv": [6.375, 6.375, 6.5, 6.5], "texture": "#0"},
				"south": {"uv": [4.75, 2.125, 8.5, 2.25], "texture": "#0"},
				"west": {"uv": [4.875, 6.5, 5, 6.625], "texture": "#0"},
				"up": {"uv": [6.25, 4.875, 2.5, 4.75], "texture": "#0"},
				"down": {"uv": [3.75, 4.875, 0, 5], "texture": "#0"}
			}
		},
		{
			"from": [1, 21, -0.25],
			"to": [31, 22, 0.75],
			"rotation": {"angle": 0, "axis": "y", "origin": [1, 21, -0.25]},
			"faces": {
				"north": {"uv": [3.75, 4.875, 7.5, 5], "texture": "#0"},
				"east": {"uv": [5, 6.5, 5.125, 6.625], "texture": "#0"},
				"south": {"uv": [0, 5, 3.75, 5.125], "texture": "#0"},
				"west": {"uv": [5.125, 6.5, 5.25, 6.625], "texture": "#0"},
				"up": {"uv": [7.5, 5.125, 3.75, 5], "texture": "#0"},
				"down": {"uv": [3.75, 5.125, 0, 5.25], "texture": "#0"}
			}
		},
		{
			"from": [1, 23, 0.75],
			"to": [31, 24, 1.75],
			"rotation": {"angle": 0, "axis": "y", "origin": [1, 23, 0.75]},
			"faces": {
				"north": {"uv": [3.75, 5.125, 7.5, 5.25], "texture": "#0"},
				"east": {"uv": [5.25, 6.5, 5.375, 6.625], "texture": "#0"},
				"south": {"uv": [0, 5.25, 3.75, 5.375], "texture": "#0"},
				"west": {"uv": [5.375, 6.5, 5.5, 6.625], "texture": "#0"},
				"up": {"uv": [7.5, 5.375, 3.75, 5.25], "texture": "#0"},
				"down": {"uv": [3.75, 5.375, 0, 5.5], "texture": "#0"}
			}
		},
		{
			"from": [1, 24, 1.25],
			"to": [31, 25, 2.25],
			"rotation": {"angle": 0, "axis": "y", "origin": [1, 24, 1.25]},
			"faces": {
				"north": {"uv": [3.75, 5.375, 7.5, 5.5], "texture": "#0"},
				"east": {"uv": [5.5, 6.5, 5.625, 6.625], "texture": "#0"},
				"south": {"uv": [0, 5.5, 3.75, 5.625], "texture": "#0"},
				"west": {"uv": [5.625, 6.5, 5.75, 6.625], "texture": "#0"},
				"up": {"uv": [7.5, 5.625, 3.75, 5.5], "texture": "#0"},
				"down": {"uv": [3.75, 5.625, 0, 5.75], "texture": "#0"}
			}
		},
		{
			"from": [1, 25, 1.75],
			"to": [31, 26, 2.75],
			"rotation": {"angle": 0, "axis": "y", "origin": [1, 25, 1.75]},
			"faces": {
				"north": {"uv": [3.75, 5.625, 7.5, 5.75], "texture": "#0"},
				"east": {"uv": [5.75, 6.5, 5.875, 6.625], "texture": "#0"},
				"south": {"uv": [0, 5.75, 3.75, 5.875], "texture": "#0"},
				"west": {"uv": [5.875, 6.5, 6, 6.625], "texture": "#0"},
				"up": {"uv": [7.5, 5.875, 3.75, 5.75], "texture": "#0"},
				"down": {"uv": [3.75, 5.875, 0, 6], "texture": "#0"}
			}
		},
		{
			"from": [1, 26, 2.25],
			"to": [31, 27, 3.25],
			"rotation": {"angle": 0, "axis": "y", "origin": [1, 26, 2.25]},
			"faces": {
				"north": {"uv": [3.75, 5.875, 7.5, 6], "texture": "#0"},
				"east": {"uv": [6, 6.5, 6.125, 6.625], "texture": "#0"},
				"south": {"uv": [0, 6, 3.75, 6.125], "texture": "#0"},
				"west": {"uv": [6.125, 6.5, 6.25, 6.625], "texture": "#0"},
				"up": {"uv": [7.5, 6.125, 3.75, 6], "texture": "#0"},
				"down": {"uv": [3.75, 6.125, 0, 6.25], "texture": "#0"}
			}
		},
		{
			"from": [0.5, 15, 1.75],
			"to": [1, 24, 11.25],
			"rotation": {"angle": 0, "axis": "y", "origin": [0.5, 15, 1.75]},
			"faces": {
				"north": {"uv": [2.625, 6.375, 2.75, 7.5], "texture": "#0"},
				"east": {"uv": [3.5, 0, 4.75, 1.125], "texture": "#0"},
				"south": {"uv": [2.75, 6.375, 2.875, 7.5], "texture": "#0"},
				"west": {"uv": [3.5, 1.125, 4.75, 2.25], "texture": "#0"},
				"up": {"uv": [2.25, 7.625, 2.125, 6.375], "texture": "#0"},
				"down": {"uv": [2.375, 6.375, 2.25, 7.625], "texture": "#0"}
			}
		},
		{
			"from": [0.5, 24, 2.75],
			"to": [1, 26, 11.25],
			"rotation": {"angle": 0, "axis": "y", "origin": [0.5, 15, 1.75]},
			"faces": {
				"north": {"uv": [4.125, 6.375, 4.25, 6.625], "texture": "#0"},
				"east": {"uv": [6.25, 4.125, 7.375, 4.375], "texture": "#0"},
				"south": {"uv": [4.25, 6.375, 4.375, 6.625], "texture": "#0"},
				"west": {"uv": [6.25, 4.375, 7.375, 4.625], "texture": "#0"},
				"up": {"uv": [3, 7.5, 2.875, 6.375], "texture": "#0"},
				"down": {"uv": [3.125, 6.375, 3, 7.5], "texture": "#0"}
			}
		},
		{
			"from": [0.5, 24, 2.25],
			"to": [1, 25, 2.75],
			"rotation": {"angle": 0, "axis": "y", "origin": [0.5, 15, 1.75]},
			"faces": {
				"north": {"uv": [6.25, 6.5, 6.375, 6.625], "texture": "#0"},
				"east": {"uv": [6.375, 6.5, 6.5, 6.625], "texture": "#0"},
				"south": {"uv": [6.5, 6.375, 6.625, 6.5], "texture": "#0"},
				"west": {"uv": [6.5, 6.5, 6.625, 6.625], "texture": "#0"},
				"up": {"uv": [0.125, 6.75, 0, 6.625], "texture": "#0"},
				"down": {"uv": [0.25, 6.625, 0.125, 6.75], "texture": "#0"}
			}
		},
		{
			"from": [31, 15, 1.75],
			"to": [31.5, 24, 11.25],
			"rotation": {"angle": 0, "axis": "y", "origin": [31, 15, 1.75]},
			"faces": {
				"north": {"uv": [3.125, 6.375, 3.25, 7.5], "texture": "#0"},
				"east": {"uv": [0, 3.75, 1.25, 4.875], "texture": "#0"},
				"south": {"uv": [3.25, 6.375, 3.375, 7.5], "texture": "#0"},
				"west": {"uv": [1.25, 3.75, 2.5, 4.875], "texture": "#0"},
				"up": {"uv": [2.5, 7.625, 2.375, 6.375], "texture": "#0"},
				"down": {"uv": [2.625, 6.375, 2.5, 7.625], "texture": "#0"}
			}
		},
		{
			"from": [31, 24, 2.75],
			"to": [31.5, 26, 11.25],
			"rotation": {"angle": 0, "axis": "y", "origin": [31, 15, 1.75]},
			"faces": {
				"north": {"uv": [4.375, 6.375, 4.5, 6.625], "texture": "#0"},
				"east": {"uv": [6.25, 4.625, 7.375, 4.875], "texture": "#0"},
				"south": {"uv": [4.5, 6.375, 4.625, 6.625], "texture": "#0"},
				"west": {"uv": [0, 6.375, 1.125, 6.625], "texture": "#0"},
				"up": {"uv": [3.5, 7.5, 3.375, 6.375], "texture": "#0"},
				"down": {"uv": [3.625, 6.375, 3.5, 7.5], "texture": "#0"}
			}
		},
		{
			"from": [31, 24, 2.25],
			"to": [31.5, 25, 2.75],
			"rotation": {"angle": 0, "axis": "y", "origin": [31, 15, 1.75]},
			"faces": {
				"north": {"uv": [0.25, 6.625, 0.375, 6.75], "texture": "#0"},
				"east": {"uv": [0.375, 6.625, 0.5, 6.75], "texture": "#0"},
				"south": {"uv": [0.5, 6.625, 0.625, 6.75], "texture": "#0"},
				"west": {"uv": [0.625, 6.625, 0.75, 6.75], "texture": "#0"},
				"up": {"uv": [0.875, 6.75, 0.75, 6.625], "texture": "#0"},
				"down": {"uv": [1, 6.625, 0.875, 6.75], "texture": "#0"}
			}
		},
		{
			"from": [0.5, 15, 12.25],
			"to": [1, 26, 26.25],
			"rotation": {"angle": 0, "axis": "y", "origin": [0.5, 15, 12.25]},
			"faces": {
				"north": {"uv": [1.625, 6.375, 1.75, 7.75], "texture": "#0"},
				"east": {"uv": [0, 0, 1.75, 1.375], "texture": "#0"},
				"south": {"uv": [1.75, 6.375, 1.875, 7.75], "texture": "#0"},
				"west": {"uv": [0, 1.375, 1.75, 2.75], "texture": "#0"},
				"up": {"uv": [1.25, 8.125, 1.125, 6.375], "texture": "#0"},
				"down": {"uv": [1.375, 6.375, 1.25, 8.125], "texture": "#0"}
			}
		},
		{
			"from": [31, 15, 12.25],
			"to": [31.5, 26, 26.25],
			"rotation": {"angle": 0, "axis": "y", "origin": [31, 15, 12.25]},
			"faces": {
				"north": {"uv": [1.875, 6.375, 2, 7.75], "texture": "#0"},
				"east": {"uv": [1.75, 0, 3.5, 1.375], "texture": "#0"},
				"south": {"uv": [2, 6.375, 2.125, 7.75], "texture": "#0"},
				"west": {"uv": [1.75, 1.375, 3.5, 2.75], "texture": "#0"},
				"up": {"uv": [1.5, 8.125, 1.375, 6.375], "texture": "#0"},
				"down": {"uv": [1.625, 6.375, 1.5, 8.125], "texture": "#0"}
			}
		},
		{
			"from": [2.5, 15, 29.75],
			"to": [29.5, 17, 30.75],
			"rotation": {"angle": 0, "axis": "y", "origin": [4, 15, 29.75]},
			"faces": {
				"north": {"uv": [3.5, 2.25, 6.875, 2.5], "texture": "#0"},
				"east": {"uv": [4.625, 6.375, 4.75, 6.625], "texture": "#0"},
				"south": {"uv": [3.5, 2.5, 6.875, 2.75], "texture": "#0"},
				"west": {"uv": [4.75, 6.375, 4.875, 6.625], "texture": "#0"},
				"up": {"uv": [7.125, 6.25, 3.75, 6.125], "texture": "#0"},
				"down": {"uv": [3.375, 6.25, 0, 6.375], "texture": "#0"}
			}
		},
		{
			"from": [2.5, 17, 29.25],
			"to": [29.5, 21, 30.25],
			"rotation": {"angle": 0, "axis": "y", "origin": [4, 17, 29.25]},
			"faces": {
				"north": {"uv": [0, 2.75, 3.375, 3.25], "texture": "#0"},
				"east": {"uv": [3.625, 6.375, 3.75, 6.875], "texture": "#0"},
				"south": {"uv": [0, 3.25, 3.375, 3.75], "texture": "#0"},
				"west": {"uv": [3.75, 6.375, 3.875, 6.875], "texture": "#0"},
				"up": {"uv": [6.75, 6.375, 3.375, 6.25], "texture": "#0"},
				"down": {"uv": [9.625, 3.75, 6.25, 3.875], "texture": "#0"}
			}
		},
		{
			"from": [2.5, 21, 28.75],
			"to": [29.5, 25, 29.75],
			"rotation": {"angle": 0, "axis": "y", "origin": [4, 21, 28.75]},
			"faces": {
				"north": {"uv": [3.375, 2.75, 6.75, 3.25], "texture": "#0"},
				"east": {"uv": [3.875, 6.375, 4, 6.875], "texture": "#0"},
				"south": {"uv": [3.375, 3.25, 6.75, 3.75], "texture": "#0"},
				"west": {"uv": [4, 6.375, 4.125, 6.875], "texture": "#0"},
				"up": {"uv": [9.625, 4, 6.25, 3.875], "texture": "#0"},
				"down": {"uv": [9.625, 4, 6.25, 4.125], "texture": "#0"}
			}
		},
		{
			"from": [29, 0, -5],
			"to": [32, 1, -2],
			"rotation": {"angle": 0, "axis": "y", "origin": [29, 0, -5]},
			"faces": {
				"north": {"uv": [8.5, 5.75, 9.25, 6], "texture": "#1"},
				"east": {"uv": [8.5, 6, 9.25, 6.25], "texture": "#1"},
				"south": {"uv": [8.5, 6.25, 9.25, 6.5], "texture": "#1"},
				"west": {"uv": [8.5, 6.5, 9.25, 6.75], "texture": "#1"},
				"up": {"uv": [2.5, 7.75, 1.75, 7], "texture": "#1"},
				"down": {"uv": [3.25, 7, 2.5, 7.75], "texture": "#1"}
			}
		},
		{
			"from": [29, 1, -6],
			"to": [32, 4, -5],
			"rotation": {"angle": 0, "axis": "y", "origin": [29, 1, -10]},
			"faces": {
				"north": {"uv": [3.25, 7, 4, 7.75], "texture": "#1"},
				"east": {"uv": [8.5, 6.75, 8.75, 7.5], "texture": "#1"},
				"south": {"uv": [4, 7, 4.75, 7.75], "texture": "#1"},
				"west": {"uv": [5.25, 8.75, 5.5, 9.5], "texture": "#1"},
				"up": {"uv": [9.25, 7.75, 8.5, 7.5], "texture": "#1"},
				"down": {"uv": [9.25, 7.75, 8.5, 8], "texture": "#1"}
			}
		},
		{
			"from": [29, 4, -5],
			"to": [32, 5, -2],
			"rotation": {"angle": 0, "axis": "y", "origin": [29, 4, -5]},
			"faces": {
				"north": {"uv": [5.5, 8.75, 6.25, 9], "texture": "#1"},
				"east": {"uv": [6.25, 8.75, 7, 9], "texture": "#1"},
				"south": {"uv": [8.75, 6.75, 9.5, 7], "texture": "#1"},
				"west": {"uv": [7, 8.75, 7.75, 9], "texture": "#1"},
				"up": {"uv": [5.5, 7.75, 4.75, 7], "texture": "#1"},
				"down": {"uv": [6.25, 7.25, 5.5, 8], "texture": "#1"}
			}
		},
		{
			"from": [29, 1, -2],
			"to": [32, 4, -1],
			"rotation": {"angle": 0, "axis": "y", "origin": [29, 1, -6]},
			"faces": {
				"north": {"uv": [6.25, 7.25, 7, 8], "texture": "#1"},
				"east": {"uv": [7.75, 8.75, 8, 9.5], "texture": "#1"},
				"south": {"uv": [7, 7.25, 7.75, 8], "texture": "#1"},
				"west": {"uv": [8, 8.75, 8.25, 9.5], "texture": "#1"},
				"up": {"uv": [9.5, 7.25, 8.75, 7], "texture": "#1"},
				"down": {"uv": [9.5, 7.25, 8.75, 7.5], "texture": "#1"}
			}
		},
		{
			"from": [29, 0, 22],
			"to": [32, 1, 25],
			"rotation": {"angle": 0, "axis": "y", "origin": [29, 0, 22]},
			"faces": {
				"north": {"uv": [8.25, 8.75, 9, 9], "texture": "#1"},
				"east": {"uv": [5.5, 9, 6.25, 9.25], "texture": "#1"},
				"south": {"uv": [6.25, 9, 7, 9.25], "texture": "#1"},
				"west": {"uv": [7, 9, 7.75, 9.25], "texture": "#1"},
				"up": {"uv": [0.75, 8.5, 0, 7.75], "texture": "#1"},
				"down": {"uv": [1.5, 7.75, 0.75, 8.5], "texture": "#1"}
			}
		},
		{
			"from": [29, 1, 21],
			"to": [32, 4, 22],
			"rotation": {"angle": 0, "axis": "y", "origin": [29, 1, 17]},
			"faces": {
				"north": {"uv": [1.5, 7.75, 2.25, 8.5], "texture": "#1"},
				"east": {"uv": [9, 8, 9.25, 8.75], "texture": "#1"},
				"south": {"uv": [2.25, 7.75, 3, 8.5], "texture": "#1"},
				"west": {"uv": [8.25, 9, 8.5, 9.75], "texture": "#1"},
				"up": {"uv": [9.25, 9.25, 8.5, 9], "texture": "#1"},
				"down": {"uv": [9.75, 8.75, 9, 9], "texture": "#1"}
			}
		},
		{
			"from": [29, 4, 22],
			"to": [32, 5, 25],
			"rotation": {"angle": 0, "axis": "y", "origin": [29, 4, 22]},
			"faces": {
				"north": {"uv": [0, 9.25, 0.75, 9.5], "texture": "#1"},
				"east": {"uv": [0.75, 9.25, 1.5, 9.5], "texture": "#1"},
				"south": {"uv": [1.5, 9.25, 2.25, 9.5], "texture": "#1"},
				"west": {"uv": [2.25, 9.25, 3, 9.5], "texture": "#1"},
				"up": {"uv": [3.75, 8.5, 3, 7.75], "texture": "#1"},
				"down": {"uv": [4.5, 7.75, 3.75, 8.5], "texture": "#1"}
			}
		},
		{
			"from": [29, 1, 25],
			"to": [32, 4, 26],
			"rotation": {"angle": 0, "axis": "y", "origin": [29, 1, 21]},
			"faces": {
				"north": {"uv": [4.5, 7.75, 5.25, 8.5], "texture": "#1"},
				"east": {"uv": [3, 9.25, 3.25, 10], "texture": "#1"},
				"south": {"uv": [7.75, 5, 8.5, 5.75], "texture": "#1"},
				"west": {"uv": [3.25, 9.25, 3.5, 10], "texture": "#1"},
				"up": {"uv": [4.25, 9.5, 3.5, 9.25], "texture": "#1"},
				"down": {"uv": [5, 9.25, 4.25, 9.5], "texture": "#1"}
			}
		},
		{
			"from": [0, 0, -5],
			"to": [3, 1, -2],
			"rotation": {"angle": 0, "axis": "y", "origin": [0, 0, -5]},
			"faces": {
				"north": {"uv": [9.25, 5, 10, 5.25], "texture": "#1"},
				"east": {"uv": [9.25, 5.25, 10, 5.5], "texture": "#1"},
				"south": {"uv": [5.5, 9.25, 6.25, 9.5], "texture": "#1"},
				"west": {"uv": [9.25, 5.5, 10, 5.75], "texture": "#1"},
				"up": {"uv": [8.5, 6.5, 7.75, 5.75], "texture": "#1"},
				"down": {"uv": [8.5, 6.5, 7.75, 7.25], "texture": "#1"}
			}
		},
		{
			"from": [0, 1, -6],
			"to": [3, 4, -5],
			"rotation": {"angle": 0, "axis": "y", "origin": [0, 1, -10]},
			"faces": {
				"north": {"uv": [7.75, 7.25, 8.5, 8], "texture": "#1"},
				"east": {"uv": [5, 9.25, 5.25, 10], "texture": "#1"},
				"south": {"uv": [5.25, 8, 6, 8.75], "texture": "#1"},
				"west": {"uv": [9.25, 5.75, 9.5, 6.5], "texture": "#1"},
				"up": {"uv": [7, 9.5, 6.25, 9.25], "texture": "#1"},
				"down": {"uv": [10, 6.5, 9.25, 6.75], "texture": "#1"}
			}
		},
		{
			"from": [0, 4, -5],
			"to": [3, 5, -2],
			"rotation": {"angle": 0, "axis": "y", "origin": [0, 4, -5]},
			"faces": {
				"north": {"uv": [7, 9.25, 7.75, 9.5], "texture": "#1"},
				"east": {"uv": [9.25, 7.5, 10, 7.75], "texture": "#1"},
				"south": {"uv": [9.25, 7.75, 10, 8], "texture": "#1"},
				"west": {"uv": [9.25, 8, 10, 8.25], "texture": "#1"},
				"up": {"uv": [6.75, 8.75, 6, 8], "texture": "#1"},
				"down": {"uv": [7.5, 8, 6.75, 8.75], "texture": "#1"}
			}
		},
		{
			"from": [0, 1, -2],
			"to": [3, 4, -1],
			"rotation": {"angle": 0, "axis": "y", "origin": [0, 1, -6]},
			"faces": {
				"north": {"uv": [7.5, 8, 8.25, 8.75], "texture": "#1"},
				"east": {"uv": [8.5, 9.25, 8.75, 10], "texture": "#1"},
				"south": {"uv": [8.25, 8, 9, 8.75], "texture": "#1"},
				"west": {"uv": [8.75, 9.25, 9, 10], "texture": "#1"},
				"up": {"uv": [10, 8.5, 9.25, 8.25], "texture": "#1"},
				"down": {"uv": [10, 8.5, 9.25, 8.75], "texture": "#1"}
			}
		},
		{
			"from": [0, 0, 22],
			"to": [3, 1, 25],
			"rotation": {"angle": 0, "axis": "y", "origin": [0, 0, 22]},
			"faces": {
				"north": {"uv": [9, 9.25, 9.75, 9.5], "texture": "#1"},
				"east": {"uv": [9.25, 9, 10, 9.25], "texture": "#1"},
				"south": {"uv": [0, 9.5, 0.75, 9.75], "texture": "#1"},
				"west": {"uv": [0.75, 9.5, 1.5, 9.75], "texture": "#1"},
				"up": {"uv": [0.75, 9.25, 0, 8.5], "texture": "#1"},
				"down": {"uv": [1.5, 8.5, 0.75, 9.25], "texture": "#1"}
			}
		},
		{
			"from": [0, 1, 21],
			"to": [3, 4, 22],
			"rotation": {"angle": 0, "axis": "y", "origin": [0, 1, 17]},
			"faces": {
				"north": {"uv": [1.5, 8.5, 2.25, 9.25], "texture": "#1"},
				"east": {"uv": [1.5, 9.5, 1.75, 10.25], "texture": "#1"},
				"south": {"uv": [2.25, 8.5, 3, 9.25], "texture": "#1"},
				"west": {"uv": [1.75, 9.5, 2, 10.25], "texture": "#1"},
				"up": {"uv": [2.75, 9.75, 2, 9.5], "texture": "#1"},
				"down": {"uv": [4.25, 9.5, 3.5, 9.75], "texture": "#1"}
			}
		},
		{
			"from": [0, 4, 22],
			"to": [3, 5, 25],
			"rotation": {"angle": 0, "axis": "y", "origin": [0, 4, 22]},
			"faces": {
				"north": {"uv": [4.25, 9.5, 5, 9.75], "texture": "#1"},
				"east": {"uv": [5.25, 9.5, 6, 9.75], "texture": "#1"},
				"south": {"uv": [9.5, 5.75, 10.25, 6], "texture": "#1"},
				"west": {"uv": [6, 9.5, 6.75, 9.75], "texture": "#1"},
				"up": {"uv": [3.75, 9.25, 3, 8.5], "texture": "#1"},
				"down": {"uv": [4.5, 8.5, 3.75, 9.25], "texture": "#1"}
			}
		},
		{
			"from": [0, 1, 25],
			"to": [3, 4, 26],
			"rotation": {"angle": 0, "axis": "y", "origin": [0, 1, 21]},
			"faces": {
				"north": {"uv": [4.5, 8.5, 5.25, 9.25], "texture": "#1"},
				"east": {"uv": [2.75, 9.5, 3, 10.25], "texture": "#1"},
				"south": {"uv": [8.5, 5, 9.25, 5.75], "texture": "#1"},
				"west": {"uv": [6.75, 9.5, 7, 10.25], "texture": "#1"},
				"up": {"uv": [10.25, 6.25, 9.5, 6], "texture": "#1"},
				"down": {"uv": [10.25, 6.25, 9.5, 6.5], "texture": "#1"}
			}
		},
		{
			"from": [2, 2, -4],
			"to": [30, 3, -3],
			"rotation": {"angle": 0, "axis": "y", "origin": [4, 2, -9]},
			"faces": {
				"north": {"uv": [6, 3, 13, 3.25], "texture": "#1"},
				"east": {"uv": [5.5, 7, 5.75, 7.25], "texture": "#1"},
				"south": {"uv": [6, 3.25, 13, 3.5], "texture": "#1"},
				"west": {"uv": [5.75, 7, 6, 7.25], "texture": "#1"},
				"up": {"uv": [13, 3.75, 6, 3.5], "texture": "#1"},
				"down": {"uv": [13, 3.75, 6, 4], "texture": "#1"}
			}
		},
		{
			"from": [2, 2, 23],
			"to": [30, 3, 24],
			"rotation": {"angle": 0, "axis": "y", "origin": [4, 2, 17]},
			"faces": {
				"north": {"uv": [6, 4, 13, 4.25], "texture": "#1"},
				"east": {"uv": [5.25, 7.75, 5.5, 8], "texture": "#1"},
				"south": {"uv": [6, 4.25, 13, 4.5], "texture": "#1"},
				"west": {"uv": [9.5, 6.75, 9.75, 7], "texture": "#1"},
				"up": {"uv": [13, 4.75, 6, 4.5], "texture": "#1"},
				"down": {"uv": [13, 4.75, 6, 5], "texture": "#1"}
			}
		},
		{
			"from": [4, 3, -7],
			"to": [28, 6, 0],
			"rotation": {"angle": 0, "axis": "y", "origin": [4, 2, -2]},
			"faces": {
				"north": {"uv": [6, 0, 12, 0.75], "texture": "#1"},
				"east": {"uv": [6, 5, 7.75, 5.75], "texture": "#1"},
				"south": {"uv": [6, 0.75, 12, 1.5], "texture": "#1"},
				"west": {"uv": [6, 5.75, 7.75, 6.5], "texture": "#1"},
				"up": {"uv": [6, 1.75, 0, 0], "texture": "#1"},
				"down": {"uv": [6, 1.75, 0, 3.5], "texture": "#1"}
			}
		},
		{
			"from": [4, 3, 20],
			"to": [28, 6, 27],
			"rotation": {"angle": 0, "axis": "y", "origin": [4, 2, 25]},
			"faces": {
				"north": {"uv": [6, 1.5, 12, 2.25], "texture": "#1"},
				"east": {"uv": [6, 6.5, 7.75, 7.25], "texture": "#1"},
				"south": {"uv": [6, 2.25, 12, 3], "texture": "#1"},
				"west": {"uv": [0, 7, 1.75, 7.75], "texture": "#1"},
				"up": {"uv": [6, 5.25, 0, 3.5], "texture": "#1"},
				"down": {"uv": [6, 5.25, 0, 7], "texture": "#1"}
			}
		},
		{
			"from": [0, 2, -15],
			"to": [32, 6, -7],
			"rotation": {"angle": 0, "axis": "y", "origin": [4, 2, -9]},
			"faces": {
				"north": {"uv": [4, 4.875, 6, 5.125], "texture": "#2"},
				"east": {"uv": [5.875, 4, 6.375, 4.25], "texture": "#2"},
				"south": {"uv": [2, 5, 4, 5.25], "texture": "#2"},
				"west": {"uv": [5.875, 4.25, 6.375, 4.5], "texture": "#2"},
				"up": {"uv": [6, 2.625, 4, 2.125], "texture": "#2"},
				"down": {"uv": [5.875, 4.0625, 3.875, 4.5625], "texture": "#2"}
			}
		},
		{
			"from": [0, 2, 27],
			"to": [32, 6, 31.5],
			"rotation": {"angle": 0, "axis": "y", "origin": [4, 2, 30]},
			"faces": {
				"north": {"uv": [4, 5.125, 6, 5.375], "texture": "#2"},
				"east": {"uv": [6, 2.1875, 6.3125, 2.4375], "texture": "#2"},
				"south": {"uv": [0, 5.1875, 2, 5.4375], "texture": "#2"},
				"west": {"uv": [2.75, 6, 3.0625, 6.25], "texture": "#2"},
				"up": {"uv": [6, 4.875, 4, 4.5625], "texture": "#2"},
				"down": {"uv": [2, 4.875, 0, 5.1875], "texture": "#2"}
			}
		},
		{
			"from": [0.25, 6, -14],
			"to": [31.75, 13, 31],
			"rotation": {"angle": 0, "axis": "y", "origin": [4, 2, -9]},
			"faces": {
				"north": {"uv": [0, 4.4375, 2, 4.875], "texture": "#2"},
				"east": {"uv": [4, 1.25, 6.8125, 1.6875], "texture": "#2"},
				"south": {"uv": [2, 4.5625, 4, 5], "texture": "#2"},
				"west": {"uv": [4, 1.6875, 6.8125, 2.125], "texture": "#2"},
				"up": {"uv": [2, 2.8125, 0, 0], "texture": "#2"},
				"down": {"uv": [4, 0, 2, 2.8125], "texture": "#2"}
			}
		},
		{
			"from": [0, 2, 0],
			"to": [32, 6, 20],
			"rotation": {"angle": 0, "axis": "y", "origin": [4, 2, 6]},
			"faces": {
				"north": {"uv": [2, 5.25, 4, 5.5], "texture": "#2"},
				"east": {"uv": [0, 5.4375, 1.25, 5.6875], "texture": "#2"},
				"south": {"uv": [4, 5.375, 6, 5.625], "texture": "#2"},
				"west": {"uv": [1.25, 5.5, 2.5, 5.75], "texture": "#2"},
				"up": {"uv": [5.875, 4.0625, 3.875, 2.8125], "texture": "#2"},
				"down": {"uv": [6, 0, 4, 1.25], "texture": "#2"}
			}
		},
		{
			"from": [0.5, 13, -13.75],
			"to": [31.5, 13.25, -11.75],
			"rotation": {"angle": 0, "axis": "y", "origin": [0.25, 11.25, -13.75]},
			"faces": {
				"north": {"uv": [5.875, 4.5, 7.8125, 4.5625], "texture": "#2"},
				"east": {"uv": [3.6875, 4.4375, 3.8125, 4.5], "texture": "#2"},
				"south": {"uv": [6, 0, 7.9375, 0.0625], "texture": "#2"},
				"west": {"uv": [3.6875, 4.5, 3.8125, 4.5625], "texture": "#2"},
				"up": {"uv": [4, 5.875, 2.0625, 5.75], "texture": "#2"},
				"down": {"uv": [5.9375, 5.75, 4, 5.875], "texture": "#2"}
			}
		},
		{
			"from": [0.5, 13, -11.75],
			"to": [31.5, 13.5, -9.75],
			"rotation": {"angle": 0, "axis": "y", "origin": [0.25, 11.5, -12.5]},
			"faces": {
				"north": {"uv": [0.0625, 6, 2, 6.0625], "texture": "#2"},
				"east": {"uv": [1.25, 5.4375, 1.375, 5.5], "texture": "#2"},
				"south": {"uv": [6, 0.0625, 7.9375, 0.125], "texture": "#2"},
				"west": {"uv": [1.375, 5.4375, 1.5, 5.5], "texture": "#2"},
				"up": {"uv": [1.9375, 6, 0, 5.875], "texture": "#2"},
				"down": {"uv": [3.875, 5.875, 1.9375, 6], "texture": "#2"}
			}
		},
		{
			"from": [0.5, 13, -9.75],
			"to": [31.5, 13.75, -7.75],
			"rotation": {"angle": 0, "axis": "y", "origin": [0.25, 11.75, -10.5]},
			"faces": {
				"north": {"uv": [6, 0.125, 7.9375, 0.1875], "texture": "#2"},
				"east": {"uv": [1.5, 5.4375, 1.625, 5.5], "texture": "#2"},
				"south": {"uv": [6, 0.1875, 7.9375, 0.25], "texture": "#2"},
				"west": {"uv": [1.625, 5.4375, 1.75, 5.5], "texture": "#2"},
				"up": {"uv": [7.8125, 2.875, 5.875, 2.75], "texture": "#2"},
				"down": {"uv": [7.8125, 2.875, 5.875, 3], "texture": "#2"}
			}
		},
		{
			"from": [0.5, 13, -7.75],
			"to": [31.5, 14, -5.75],
			"rotation": {"angle": 0, "axis": "y", "origin": [0.25, 12, -8.5]},
			"faces": {
				"north": {"uv": [6, 0.25, 7.9375, 0.3125], "texture": "#2"},
				"east": {"uv": [1.75, 5.4375, 1.875, 5.5], "texture": "#2"},
				"south": {"uv": [6, 0.3125, 7.9375, 0.375], "texture": "#2"},
				"west": {"uv": [1.875, 5.4375, 2, 5.5], "texture": "#2"},
				"up": {"uv": [7.8125, 3.125, 5.875, 3], "texture": "#2"},
				"down": {"uv": [7.8125, 3.125, 5.875, 3.25], "texture": "#2"}
			}
		},
		{
			"from": [0.5, 13, -5.75],
			"to": [31.5, 14.25, -3.75],
			"rotation": {"angle": 0, "axis": "y", "origin": [0.25, 12.25, -6.5]},
			"faces": {
				"north": {"uv": [6, 0.375, 7.9375, 0.4375], "texture": "#2"},
				"east": {"uv": [2.5, 5.5, 2.625, 5.5625], "texture": "#2"},
				"south": {"uv": [6, 0.4375, 7.9375, 0.5], "texture": "#2"},
				"west": {"uv": [2.625, 5.5, 2.75, 5.5625], "texture": "#2"},
				"up": {"uv": [7.8125, 3.375, 5.875, 3.25], "texture": "#2"},
				"down": {"uv": [7.8125, 3.375, 5.875, 3.5], "texture": "#2"}
			}
		},
		{
			"from": [0.5, 13, -3.75],
			"to": [31.5, 15, -2.75],
			"rotation": {"angle": 0, "axis": "y", "origin": [0.5, 13, -3.75]},
			"faces": {
				"north": {"uv": [5.875, 3.5, 7.8125, 3.625], "texture": "#2"},
				"east": {"uv": [3.8125, 4.4375, 3.875, 4.5625], "texture": "#2"},
				"south": {"uv": [5.875, 3.625, 7.8125, 3.75], "texture": "#2"},
				"west": {"uv": [2.75, 5.5, 2.8125, 5.625], "texture": "#2"},
				"up": {"uv": [7.9375, 0.5625, 6, 0.5], "texture": "#2"},
				"down": {"uv": [7.9375, 0.5625, 6, 0.625], "texture": "#2"}
			}
		},
		{
			"from": [0.5, 15, -3.25],
			"to": [1, 16, -2.25],
			"rotation": {"angle": 0, "axis": "y", "origin": [0.5, 15, -3.25]},
			"faces": {
				"north": {"uv": [3.0625, 5.5625, 3.125, 5.625], "texture": "#2"},
				"east": {"uv": [3.125, 5.5625, 3.1875, 5.625], "texture": "#2"},
				"south": {"uv": [3.1875, 5.5625, 3.25, 5.625], "texture": "#2"},
				"west": {"uv": [3.25, 5.5625, 3.3125, 5.625], "texture": "#2"},
				"up": {"uv": [3.375, 5.625, 3.3125, 5.5625], "texture": "#2"},
				"down": {"uv": [3.4375, 5.5625, 3.375, 5.625], "texture": "#2"}
			}
		},
		{
			"from": [0.5, 16, -2.75],
			"to": [1, 17, -1.75],
			"rotation": {"angle": 0, "axis": "y", "origin": [0.5, 16, -2.75]},
			"faces": {
				"north": {"uv": [3.4375, 5.5625, 3.5, 5.625], "texture": "#2"},
				"east": {"uv": [3.5, 5.5625, 3.5625, 5.625], "texture": "#2"},
				"south": {"uv": [3.6875, 5.5625, 3.75, 5.625], "texture": "#2"},
				"west": {"uv": [3.75, 5.5625, 3.8125, 5.625], "texture": "#2"},
				"up": {"uv": [3.875, 5.625, 3.8125, 5.5625], "texture": "#2"},
				"down": {"uv": [3.9375, 5.5625, 3.875, 5.625], "texture": "#2"}
			}
		},
		{
			"from": [0.5, 18, -1.75],
			"to": [1, 19, -0.75],
			"rotation": {"angle": 0, "axis": "y", "origin": [0.5, 18, -1.75]},
			"faces": {
				"north": {"uv": [0, 5.6875, 0.0625, 5.75], "texture": "#2"},
				"east": {"uv": [0.0625, 5.6875, 0.125, 5.75], "texture": "#2"},
				"south": {"uv": [0.125, 5.6875, 0.1875, 5.75], "texture": "#2"},
				"west": {"uv": [0.1875, 5.6875, 0.25, 5.75], "texture": "#2"},
				"up": {"uv": [0.3125, 5.75, 0.25, 5.6875], "texture": "#2"},
				"down": {"uv": [0.375, 5.6875, 0.3125, 5.75], "texture": "#2"}
			}
		},
		{
			"from": [0.5, 17, -2.25],
			"to": [1, 18, -1.25],
			"rotation": {"angle": 0, "axis": "y", "origin": [0.5, 17, -2.25]},
			"faces": {
				"north": {"uv": [0.375, 5.6875, 0.4375, 5.75], "texture": "#2"},
				"east": {"uv": [0.4375, 5.6875, 0.5, 5.75], "texture": "#2"},
				"south": {"uv": [0.5, 5.6875, 0.5625, 5.75], "texture": "#2"},
				"west": {"uv": [0.5625, 5.6875, 0.625, 5.75], "texture": "#2"},
				"up": {"uv": [0.6875, 5.75, 0.625, 5.6875], "texture": "#2"},
				"down": {"uv": [0.75, 5.6875, 0.6875, 5.75], "texture": "#2"}
			}
		},
		{
			"from": [0.5, 21, -0.25],
			"to": [1, 22, 0.75],
			"rotation": {"angle": 0, "axis": "y", "origin": [0.5, 21, -0.25]},
			"faces": {
				"north": {"uv": [0.75, 5.6875, 0.8125, 5.75], "texture": "#2"},
				"east": {"uv": [0.8125, 5.6875, 0.875, 5.75], "texture": "#2"},
				"south": {"uv": [0.875, 5.6875, 0.9375, 5.75], "texture": "#2"},
				"west": {"uv": [0.9375, 5.6875, 1, 5.75], "texture": "#2"},
				"up": {"uv": [1.0625, 5.75, 1, 5.6875], "texture": "#2"},
				"down": {"uv": [1.125, 5.6875, 1.0625, 5.75], "texture": "#2"}
			}
		},
		{
			"from": [0.5, 19, -1.25],
			"to": [1, 20, -0.25],
			"rotation": {"angle": 0, "axis": "y", "origin": [0.5, 19, -1.25]},
			"faces": {
				"north": {"uv": [1.125, 5.6875, 1.1875, 5.75], "texture": "#2"},
				"east": {"uv": [1.1875, 5.6875, 1.25, 5.75], "texture": "#2"},
				"south": {"uv": [5.6875, 2.75, 5.75, 2.8125], "texture": "#2"},
				"west": {"uv": [5.75, 2.75, 5.8125, 2.8125], "texture": "#2"},
				"up": {"uv": [5.875, 2.8125, 5.8125, 2.75], "texture": "#2"},
				"down": {"uv": [6.375, 2.6875, 6.3125, 2.75], "texture": "#2"}
			}
		},
		{
			"from": [0.5, 20, -0.75],
			"to": [1, 21, 0.25],
			"rotation": {"angle": 0, "axis": "y", "origin": [0.5, 20, -0.75]},
			"faces": {
				"north": {"uv": [6.3125, 4.6875, 6.375, 4.75], "texture": "#2"},
				"east": {"uv": [6.3125, 4.75, 6.375, 4.8125], "texture": "#2"},
				"south": {"uv": [6.3125, 4.8125, 6.375, 4.875], "texture": "#2"},
				"west": {"uv": [6.3125, 4.875, 6.375, 4.9375], "texture": "#2"},
				"up": {"uv": [6.375, 5, 6.3125, 4.9375], "texture": "#2"},
				"down": {"uv": [6.375, 5, 6.3125, 5.0625], "texture": "#2"}
			}
		},
		{
			"from": [0.5, 22, 0.25],
			"to": [1, 23, 1.25],
			"rotation": {"angle": 0, "axis": "y", "origin": [0.5, 22, 0.25]},
			"faces": {
				"north": {"uv": [6.3125, 5.0625, 6.375, 5.125], "texture": "#2"},
				"east": {"uv": [6.3125, 5.125, 6.375, 5.1875], "texture": "#2"},
				"south": {"uv": [6.3125, 5.1875, 6.375, 5.25], "texture": "#2"},
				"west": {"uv": [6.3125, 5.25, 6.375, 5.3125], "texture": "#2"},
				"up": {"uv": [6.375, 5.375, 6.3125, 5.3125], "texture": "#2"},
				"down": {"uv": [6.375, 5.375, 6.3125, 5.4375], "texture": "#2"}
			}
		},
		{
			"from": [0.5, 25, 1.75],
			"to": [1, 26, 2.75],
			"rotation": {"angle": 0, "axis": "y", "origin": [0.5, 25, 1.75]},
			"faces": {
				"north": {"uv": [6.3125, 5.4375, 6.375, 5.5], "texture": "#2"},
				"east": {"uv": [6.3125, 5.5, 6.375, 5.5625], "texture": "#2"},
				"south": {"uv": [6.3125, 5.5625, 6.375, 5.625], "texture": "#2"},
				"west": {"uv": [6.3125, 5.75, 6.375, 5.8125], "texture": "#2"},
				"up": {"uv": [6.375, 5.875, 6.3125, 5.8125], "texture": "#2"},
				"down": {"uv": [6.375, 5.875, 6.3125, 5.9375], "texture": "#2"}
			}
		},
		{
			"from": [0.5, 23, 0.75],
			"to": [1, 24, 1.75],
			"rotation": {"angle": 0, "axis": "y", "origin": [0.5, 23, 0.75]},
			"faces": {
				"north": {"uv": [6.3125, 5.9375, 6.375, 6], "texture": "#2"},
				"east": {"uv": [6.3125, 6, 6.375, 6.0625], "texture": "#2"},
				"south": {"uv": [6.3125, 6.0625, 6.375, 6.125], "texture": "#2"},
				"west": {"uv": [6.125, 6.3125, 6.1875, 6.375], "texture": "#2"},
				"up": {"uv": [6.375, 6.1875, 6.3125, 6.125], "texture": "#2"},
				"down": {"uv": [6.25, 6.3125, 6.1875, 6.375], "texture": "#2"}
			}
		},
		{
			"from": [0.5, 24, 1.25],
			"to": [1, 25, 2.25],
			"rotation": {"angle": 0, "axis": "y", "origin": [0.5, 24, 1.25]},
			"faces": {
				"north": {"uv": [6.3125, 6.1875, 6.375, 6.25], "texture": "#2"},
				"east": {"uv": [6.3125, 6.25, 6.375, 6.3125], "texture": "#2"},
				"south": {"uv": [6.3125, 6.3125, 6.375, 6.375], "texture": "#2"},
				"west": {"uv": [6.375, 2.1875, 6.4375, 2.25], "texture": "#2"},
				"up": {"uv": [6.4375, 2.3125, 6.375, 2.25], "texture": "#2"},
				"down": {"uv": [6.4375, 2.3125, 6.375, 2.375], "texture": "#2"}
			}
		},
		{
			"from": [0.5, 26, 2.25],
			"to": [1, 27, 28.25],
			"rotation": {"angle": 0, "axis": "y", "origin": [0.5, 26, 2.25]},
			"faces": {
				"north": {"uv": [6.375, 2.375, 6.4375, 2.4375], "texture": "#2"},
				"east": {"uv": [6, 0.9375, 7.625, 1], "texture": "#2"},
				"south": {"uv": [6.375, 2.4375, 6.4375, 2.5], "texture": "#2"},
				"west": {"uv": [6, 1, 7.625, 1.0625], "texture": "#2"},
				"up": {"uv": [2.0625, 7.625, 2, 6], "texture": "#2"},
				"down": {"uv": [2.125, 6, 2.0625, 7.625], "texture": "#2"}
			}
		},
		{
			"from": [31, 15, -3.25],
			"to": [31.5, 16, -2.25],
			"rotation": {"angle": 0, "axis": "y", "origin": [31, 15, -3.25]},
			"faces": {
				"north": {"uv": [6.375, 2.5, 6.4375, 2.5625], "texture": "#2"},
				"east": {"uv": [6.375, 2.5625, 6.4375, 2.625], "texture": "#2"},
				"south": {"uv": [6.375, 2.625, 6.4375, 2.6875], "texture": "#2"},
				"west": {"uv": [6.375, 2.6875, 6.4375, 2.75], "texture": "#2"},
				"up": {"uv": [6.4375, 4.0625, 6.375, 4], "texture": "#2"},
				"down": {"uv": [6.4375, 4.0625, 6.375, 4.125], "texture": "#2"}
			}
		},
		{
			"from": [31, 16, -2.75],
			"to": [31.5, 17, -1.75],
			"rotation": {"angle": 0, "axis": "y", "origin": [31, 16, -2.75]},
			"faces": {
				"north": {"uv": [6.375, 4.125, 6.4375, 4.1875], "texture": "#2"},
				"east": {"uv": [6.375, 4.1875, 6.4375, 4.25], "texture": "#2"},
				"south": {"uv": [6.375, 4.25, 6.4375, 4.3125], "texture": "#2"},
				"west": {"uv": [4.3125, 6.375, 4.375, 6.4375], "texture": "#2"},
				"up": {"uv": [6.4375, 4.375, 6.375, 4.3125], "texture": "#2"},
				"down": {"uv": [4.4375, 6.375, 4.375, 6.4375], "texture": "#2"}
			}
		},
		{
			"from": [31, 18, -1.75],
			"to": [31.5, 19, -0.75],
			"rotation": {"angle": 0, "axis": "y", "origin": [31, 18, -1.75]},
			"faces": {
				"north": {"uv": [6.375, 4.375, 6.4375, 4.4375], "texture": "#2"},
				"east": {"uv": [4.4375, 6.375, 4.5, 6.4375], "texture": "#2"},
				"south": {"uv": [6.375, 4.4375, 6.4375, 4.5], "texture": "#2"},
				"west": {"uv": [4.5, 6.375, 4.5625, 6.4375], "texture": "#2"},
				"up": {"uv": [4.625, 6.4375, 4.5625, 6.375], "texture": "#2"},
				"down": {"uv": [6.4375, 4.5625, 6.375, 4.625], "texture": "#2"}
			}
		},
		{
			"from": [31, 17, -2.25],
			"to": [31.5, 18, -1.25],
			"rotation": {"angle": 0, "axis": "y", "origin": [31, 17, -2.25]},
			"faces": {
				"north": {"uv": [4.625, 6.375, 4.6875, 6.4375], "texture": "#2"},
				"east": {"uv": [6.375, 4.625, 6.4375, 4.6875], "texture": "#2"},
				"south": {"uv": [4.6875, 6.375, 4.75, 6.4375], "texture": "#2"},
				"west": {"uv": [6.375, 4.6875, 6.4375, 4.75], "texture": "#2"},
				"up": {"uv": [4.8125, 6.4375, 4.75, 6.375], "texture": "#2"},
				"down": {"uv": [6.4375, 4.75, 6.375, 4.8125], "texture": "#2"}
			}
		},
		{
			"from": [31, 21, -0.25],
			"to": [31.5, 22, 0.75],
			"rotation": {"angle": 0, "axis": "y", "origin": [31, 21, -0.25]},
			"faces": {
				"north": {"uv": [4.8125, 6.375, 4.875, 6.4375], "texture": "#2"},
				"east": {"uv": [6.375, 4.8125, 6.4375, 4.875], "texture": "#2"},
				"south": {"uv": [4.875, 6.375, 4.9375, 6.4375], "texture": "#2"},
				"west": {"uv": [6.375, 4.875, 6.4375, 4.9375], "texture": "#2"},
				"up": {"uv": [5, 6.4375, 4.9375, 6.375], "texture": "#2"},
				"down": {"uv": [6.4375, 4.9375, 6.375, 5], "texture": "#2"}
			}
		},
		{
			"from": [31, 19, -1.25],
			"to": [31.5, 20, -0.25],
			"rotation": {"angle": 0, "axis": "y", "origin": [31, 19, -1.25]},
			"faces": {
				"north": {"uv": [5, 6.375, 5.0625, 6.4375], "texture": "#2"},
				"east": {"uv": [6.375, 5, 6.4375, 5.0625], "texture": "#2"},
				"south": {"uv": [6.375, 5.0625, 6.4375, 5.125], "texture": "#2"},
				"west": {"uv": [6.375, 5.125, 6.4375, 5.1875], "texture": "#2"},
				"up": {"uv": [6.4375, 5.25, 6.375, 5.1875], "texture": "#2"},
				"down": {"uv": [6.4375, 5.25, 6.375, 5.3125], "texture": "#2"}
			}
		},
		{
			"from": [31, 20, -0.75],
			"to": [31.5, 21, 0.25],
			"rotation": {"angle": 0, "axis": "y", "origin": [31, 20, -0.75]},
			"faces": {
				"north": {"uv": [6.375, 5.3125, 6.4375, 5.375], "texture": "#2"},
				"east": {"uv": [6.375, 5.375, 6.4375, 5.4375], "texture": "#2"},
				"south": {"uv": [6.375, 5.4375, 6.4375, 5.5], "texture": "#2"},
				"west": {"uv": [6.375, 5.5, 6.4375, 5.5625], "texture": "#2"},
				"up": {"uv": [6.4375, 5.625, 6.375, 5.5625], "texture": "#2"},
				"down": {"uv": [5.75, 6.375, 5.6875, 6.4375], "texture": "#2"}
			}
		},
		{
			"from": [31, 22, 0.25],
			"to": [31.5, 23, 1.25],
			"rotation": {"angle": 0, "axis": "y", "origin": [31, 22, 0.25]},
			"faces": {
				"north": {"uv": [5.75, 6.375, 5.8125, 6.4375], "texture": "#2"},
				"east": {"uv": [6.375, 5.75, 6.4375, 5.8125], "texture": "#2"},
				"south": {"uv": [6.375, 5.8125, 6.4375, 5.875], "texture": "#2"},
				"west": {"uv": [6.375, 5.875, 6.4375, 5.9375], "texture": "#2"},
				"up": {"uv": [6.4375, 6, 6.375, 5.9375], "texture": "#2"},
				"down": {"uv": [6.0625, 6.375, 6, 6.4375], "texture": "#2"}
			}
		},
		{
			"from": [31, 25, 1.75],
			"to": [31.5, 26, 2.75],
			"rotation": {"angle": 0, "axis": "y", "origin": [31, 25, 1.75]},
			"faces": {
				"north": {"uv": [6.375, 6, 6.4375, 6.0625], "texture": "#2"},
				"east": {"uv": [6.0625, 6.375, 6.125, 6.4375], "texture": "#2"},
				"south": {"uv": [6.375, 6.0625, 6.4375, 6.125], "texture": "#2"},
				"west": {"uv": [6.125, 6.375, 6.1875, 6.4375], "texture": "#2"},
				"up": {"uv": [6.4375, 6.1875, 6.375, 6.125], "texture": "#2"},
				"down": {"uv": [6.25, 6.375, 6.1875, 6.4375], "texture": "#2"}
			}
		},
		{
			"from": [31, 23, 0.75],
			"to": [31.5, 24, 1.75],
			"rotation": {"angle": 0, "axis": "y", "origin": [31, 23, 0.75]},
			"faces": {
				"north": {"uv": [6.375, 6.1875, 6.4375, 6.25], "texture": "#2"},
				"east": {"uv": [6.25, 6.375, 6.3125, 6.4375], "texture": "#2"},
				"south": {"uv": [6.375, 6.25, 6.4375, 6.3125], "texture": "#2"},
				"west": {"uv": [6.3125, 6.375, 6.375, 6.4375], "texture": "#2"},
				"up": {"uv": [6.4375, 6.375, 6.375, 6.3125], "texture": "#2"},
				"down": {"uv": [6.4375, 6.375, 6.375, 6.4375], "texture": "#2"}
			}
		},
		{
			"from": [31, 24, 1.25],
			"to": [31.5, 25, 2.25],
			"rotation": {"angle": 0, "axis": "y", "origin": [31, 24, 1.25]},
			"faces": {
				"north": {"uv": [0.0625, 6.4375, 0.125, 6.5], "texture": "#2"},
				"east": {"uv": [0.125, 6.4375, 0.1875, 6.5], "texture": "#2"},
				"south": {"uv": [0.1875, 6.4375, 0.25, 6.5], "texture": "#2"},
				"west": {"uv": [0.25, 6.4375, 0.3125, 6.5], "texture": "#2"},
				"up": {"uv": [0.875, 6.5, 0.8125, 6.4375], "texture": "#2"},
				"down": {"uv": [0.9375, 6.4375, 0.875, 6.5], "texture": "#2"}
			}
		},
		{
			"from": [31, 26, 2.25],
			"to": [31.5, 27, 28.25],
			"rotation": {"angle": 0, "axis": "y", "origin": [31, 26, 2.25]},
			"faces": {
				"north": {"uv": [0.9375, 6.4375, 1, 6.5], "texture": "#2"},
				"east": {"uv": [6, 1.0625, 7.625, 1.125], "texture": "#2"},
				"south": {"uv": [1, 6.4375, 1.0625, 6.5], "texture": "#2"},
				"west": {"uv": [6, 1.125, 7.625, 1.1875], "texture": "#2"},
				"up": {"uv": [2.1875, 7.625, 2.125, 6], "texture": "#2"},
				"down": {"uv": [2.25, 6, 2.1875, 7.625], "texture": "#2"}
			}
		},
		{
			"from": [0.75, 27, 2.75],
			"to": [31.25, 28, 28.75],
			"rotation": {"angle": 0, "axis": "y", "origin": [0, 27, 2.75]},
			"faces": {
				"north": {"uv": [6, 0.625, 7.9375, 0.6875], "texture": "#2"},
				"east": {"uv": [6, 1.1875, 7.625, 1.25], "texture": "#2"},
				"south": {"uv": [6, 0.6875, 7.9375, 0.75], "texture": "#2"},
				"west": {"uv": [6, 2.125, 7.625, 2.1875], "texture": "#2"},
				"up": {"uv": [1.9375, 4.4375, 0, 2.8125], "texture": "#2"},
				"down": {"uv": [3.875, 2.8125, 1.9375, 4.4375], "texture": "#2"}
			}
		},
		{
			"from": [0.5, 15, 11.25],
			"to": [1, 26, 12.25],
			"rotation": {"angle": 0, "axis": "y", "origin": [0.5, 13, 11.25]},
			"faces": {
				"north": {"uv": [3.0625, 6, 3.125, 6.6875], "texture": "#2"},
				"east": {"uv": [3.125, 6, 3.1875, 6.6875], "texture": "#2"},
				"south": {"uv": [3.1875, 6, 3.25, 6.6875], "texture": "#2"},
				"west": {"uv": [3.25, 6, 3.3125, 6.6875], "texture": "#2"},
				"up": {"uv": [1.125, 6.5, 1.0625, 6.4375], "texture": "#2"},
				"down": {"uv": [1.1875, 6.4375, 1.125, 6.5], "texture": "#2"}
			}
		},
		{
			"from": [31, 15, 11.25],
			"to": [31.5, 26, 12.25],
			"rotation": {"angle": 0, "axis": "y", "origin": [31, 13, 11.25]},
			"faces": {
				"north": {"uv": [3.3125, 6, 3.375, 6.6875], "texture": "#2"},
				"east": {"uv": [3.375, 6, 3.4375, 6.6875], "texture": "#2"},
				"south": {"uv": [3.4375, 6, 3.5, 6.6875], "texture": "#2"},
				"west": {"uv": [3.5, 6, 3.5625, 6.6875], "texture": "#2"},
				"up": {"uv": [1.25, 6.5, 1.1875, 6.4375], "texture": "#2"},
				"down": {"uv": [1.3125, 6.4375, 1.25, 6.5], "texture": "#2"}
			}
		},
		{
			"from": [0.5, 13, 29.75],
			"to": [2.5, 17, 30.75],
			"rotation": {"angle": 0, "axis": "y", "origin": [0.5, 13, 28.75]},
			"faces": {
				"north": {"uv": [5.0625, 6, 5.1875, 6.25], "texture": "#2"},
				"east": {"uv": [1.9375, 6.0625, 2, 6.3125], "texture": "#2"},
				"south": {"uv": [6, 5.125, 6.125, 5.375], "texture": "#2"},
				"west": {"uv": [1.8125, 6.25, 1.875, 6.5], "texture": "#2"},
				"up": {"uv": [2.9375, 5.5625, 2.8125, 5.5], "texture": "#2"},
				"down": {"uv": [3.0625, 5.5, 2.9375, 5.5625], "texture": "#2"}
			}
		},
		{
			"from": [0.5, 17, 29.25],
			"to": [2.5, 21, 30.25],
			"rotation": {"angle": 0, "axis": "y", "origin": [0.5, 17, 28.25]},
			"faces": {
				"north": {"uv": [5.1875, 6, 5.3125, 6.25], "texture": "#2"},
				"east": {"uv": [1.875, 6.25, 1.9375, 6.5], "texture": "#2"},
				"south": {"uv": [5.3125, 6, 5.4375, 6.25], "texture": "#2"},
				"west": {"uv": [2.75, 6.25, 2.8125, 6.5], "texture": "#2"},
				"up": {"uv": [3.1875, 5.5625, 3.0625, 5.5], "texture": "#2"},
				"down": {"uv": [3.3125, 5.5, 3.1875, 5.5625], "texture": "#2"}
			}
		},
		{
			"from": [0.5, 21, 28.75],
			"to": [2.5, 25, 29.75],
			"rotation": {"angle": 0, "axis": "y", "origin": [0.5, 21, 27.75]},
			"faces": {
				"north": {"uv": [6, 5.375, 6.125, 5.625], "texture": "#2"},
				"east": {"uv": [2.8125, 6.25, 2.875, 6.5], "texture": "#2"},
				"south": {"uv": [5.4375, 6, 5.5625, 6.25], "texture": "#2"},
				"west": {"uv": [2.875, 6.25, 2.9375, 6.5], "texture": "#2"},
				"up": {"uv": [3.4375, 5.5625, 3.3125, 5.5], "texture": "#2"},
				"down": {"uv": [3.5625, 5.5, 3.4375, 5.5625], "texture": "#2"}
			}
		},
		{
			"from": [0.5, 25, 28.25],
			"to": [31.5, 27, 29.25],
			"rotation": {"angle": 0, "axis": "y", "origin": [0.5, 25, 27.25]},
			"faces": {
				"north": {"uv": [5.875, 3.75, 7.8125, 3.875], "texture": "#2"},
				"east": {"uv": [3.5625, 5.5, 3.625, 5.625], "texture": "#2"},
				"south": {"uv": [3.875, 5.875, 5.8125, 6], "texture": "#2"},
				"west": {"uv": [3.625, 5.5, 3.6875, 5.625], "texture": "#2"},
				"up": {"uv": [7.9375, 0.8125, 6, 0.75], "texture": "#2"},
				"down": {"uv": [7.9375, 0.8125, 6, 0.875], "texture": "#2"}
			}
		},
		{
			"from": [29.5, 21, 28.75],
			"to": [31.5, 25, 29.75],
			"rotation": {"angle": 0, "axis": "y", "origin": [29.5, 21, 27.75]},
			"faces": {
				"north": {"uv": [5.5625, 6, 5.6875, 6.25], "texture": "#2"},
				"east": {"uv": [2.9375, 6.25, 3, 6.5], "texture": "#2"},
				"south": {"uv": [5.6875, 6, 5.8125, 6.25], "texture": "#2"},
				"west": {"uv": [3, 6.25, 3.0625, 6.5], "texture": "#2"},
				"up": {"uv": [3.8125, 5.5625, 3.6875, 5.5], "texture": "#2"},
				"down": {"uv": [3.9375, 5.5, 3.8125, 5.5625], "texture": "#2"}
			}
		},
		{
			"from": [29.5, 13, 29.75],
			"to": [31.5, 17, 30.75],
			"rotation": {"angle": 0, "axis": "y", "origin": [29.5, 13, 28.75]},
			"faces": {
				"north": {"uv": [6, 5.75, 6.125, 6], "texture": "#2"},
				"east": {"uv": [5.0625, 6.25, 5.125, 6.5], "texture": "#2"},
				"south": {"uv": [6, 6, 6.125, 6.25], "texture": "#2"},
				"west": {"uv": [5.125, 6.25, 5.1875, 6.5], "texture": "#2"},
				"up": {"uv": [2.625, 5.625, 2.5, 5.5625], "texture": "#2"},
				"down": {"uv": [2.75, 5.5625, 2.625, 5.625], "texture": "#2"}
			}
		},
		{
			"from": [29.5, 17, 29.25],
			"to": [31.5, 21, 30.25],
			"rotation": {"angle": 0, "axis": "y", "origin": [29.5, 17, 28.25]},
			"faces": {
				"north": {"uv": [0.0625, 6.0625, 0.1875, 6.3125], "texture": "#2"},
				"east": {"uv": [6.25, 5.125, 6.3125, 5.375], "texture": "#2"},
				"south": {"uv": [0.1875, 6.0625, 0.3125, 6.3125], "texture": "#2"},
				"west": {"uv": [5.1875, 6.25, 5.25, 6.5], "texture": "#2"},
				"up": {"uv": [2.9375, 5.625, 2.8125, 5.5625], "texture": "#2"},
				"down": {"uv": [3.0625, 5.5625, 2.9375, 5.625], "texture": "#2"}
			}
		},
		{
			"from": [2.5, 13, 29.75],
			"to": [29.5, 15, 30.75],
			"rotation": {"angle": 0, "axis": "y", "origin": [2.5, 13, 28.75]},
			"faces": {
				"north": {"uv": [2, 4.4375, 3.6875, 4.5625], "texture": "#2"},
				"east": {"uv": [3.9375, 5.5, 4, 5.625], "texture": "#2"},
				"south": {"uv": [5.875, 3.875, 7.5625, 4], "texture": "#2"},
				"west": {"uv": [6.0625, 2.625, 6.125, 2.75], "texture": "#2"},
				"up": {"uv": [5.6875, 2.8125, 4, 2.75], "texture": "#2"},
				"down": {"uv": [7.6875, 0.875, 6, 0.9375], "texture": "#2"}
			}
		},
		{
			"from": [0.5, 13, -2.75],
			"to": [1.5, 15, 29.75],
			"rotation": {"angle": 0, "axis": "y", "origin": [2.5, 13, 28.75]},
			"faces": {
				"north": {"uv": [6.125, 2.625, 6.1875, 2.75], "texture": "#2"},
				"east": {"uv": [4, 2.625, 6.0625, 2.75], "texture": "#2"},
				"south": {"uv": [6.125, 5.5, 6.1875, 5.625], "texture": "#2"},
				"west": {"uv": [2.5, 5.625, 4.5625, 5.75], "texture": "#2"},
				"up": {"uv": [5.875, 7.9375, 5.8125, 5.875], "texture": "#2"},
				"down": {"uv": [5.9375, 5.875, 5.875, 7.9375], "texture": "#2"}
			}
		},
		{
			"from": [30.5, 13, -2.75],
			"to": [31.5, 15, 29.75],
			"rotation": {"angle": 0, "axis": "y", "origin": [32.5, 13, 28.75]},
			"faces": {
				"north": {"uv": [6.1875, 2.625, 6.25, 2.75], "texture": "#2"},
				"east": {"uv": [4.5625, 5.625, 6.625, 5.75], "texture": "#2"},
				"south": {"uv": [6.1875, 5.5, 6.25, 5.625], "texture": "#2"},
				"west": {"uv": [0, 5.75, 2.0625, 5.875], "texture": "#2"},
				"up": {"uv": [6, 7.8125, 5.9375, 5.75], "texture": "#2"},
				"down": {"uv": [0.0625, 6, 0, 8.0625], "texture": "#2"}
			}
		},
		{
			"from": [0.5, 15, 26.25],
			"to": [1, 26, 28.25],
			"rotation": {"angle": 0, "axis": "y", "origin": [0.5, 13, 26.25]},
			"faces": {
				"north": {"uv": [3.5625, 6, 3.625, 6.6875], "texture": "#2"},
				"east": {"uv": [2.25, 6, 2.375, 6.6875], "texture": "#2"},
				"south": {"uv": [3.625, 6, 3.6875, 6.6875], "texture": "#2"},
				"west": {"uv": [2.375, 6, 2.5, 6.6875], "texture": "#2"},
				"up": {"uv": [6.3125, 2.75, 6.25, 2.625], "texture": "#2"},
				"down": {"uv": [5.75, 6.25, 5.6875, 6.375], "texture": "#2"}
			}
		},
		{
			"from": [0.5, 15, 28.25],
			"to": [1, 25, 28.75],
			"rotation": {"angle": 0, "axis": "y", "origin": [0.5, 13, 26.75]},
			"faces": {
				"north": {"uv": [3.8125, 6, 3.875, 6.625], "texture": "#2"},
				"east": {"uv": [3.875, 6, 3.9375, 6.625], "texture": "#2"},
				"south": {"uv": [3.9375, 6, 4, 6.625], "texture": "#2"},
				"west": {"uv": [4, 6, 4.0625, 6.625], "texture": "#2"},
				"up": {"uv": [1.375, 6.5, 1.3125, 6.4375], "texture": "#2"},
				"down": {"uv": [1.4375, 6.4375, 1.375, 6.5], "texture": "#2"}
			}
		},
		{
			"from": [0.5, 15, 28.75],
			"to": [1, 21, 29.25],
			"rotation": {"angle": 0, "axis": "y", "origin": [0.5, 13, 26.75]},
			"faces": {
				"north": {"uv": [0.8125, 6.0625, 0.875, 6.4375], "texture": "#2"},
				"east": {"uv": [0.875, 6.0625, 0.9375, 6.4375], "texture": "#2"},
				"south": {"uv": [0.9375, 6.0625, 1, 6.4375], "texture": "#2"},
				"west": {"uv": [1, 6.0625, 1.0625, 6.4375], "texture": "#2"},
				"up": {"uv": [1.5, 6.5, 1.4375, 6.4375], "texture": "#2"},
				"down": {"uv": [1.5625, 6.4375, 1.5, 6.5], "texture": "#2"}
			}
		},
		{
			"from": [0.5, 15, 29.25],
			"to": [1, 17, 29.75],
			"rotation": {"angle": 0, "axis": "y", "origin": [0.5, 13, 26.75]},
			"faces": {
				"north": {"uv": [5.75, 6.25, 5.8125, 6.375], "texture": "#2"},
				"east": {"uv": [6.25, 5.75, 6.3125, 5.875], "texture": "#2"},
				"south": {"uv": [6.25, 5.875, 6.3125, 6], "texture": "#2"},
				"west": {"uv": [6, 6.25, 6.0625, 6.375], "texture": "#2"},
				"up": {"uv": [1.625, 6.5, 1.5625, 6.4375], "texture": "#2"},
				"down": {"uv": [1.6875, 6.4375, 1.625, 6.5], "texture": "#2"}
			}
		},
		{
			"from": [31, 15, 26.25],
			"to": [31.5, 26, 28.25],
			"rotation": {"angle": 0, "axis": "y", "origin": [31, 13, 26.25]},
			"faces": {
				"north": {"uv": [3.6875, 6, 3.75, 6.6875], "texture": "#2"},
				"east": {"uv": [2.5, 6, 2.625, 6.6875], "texture": "#2"},
				"south": {"uv": [3.75, 6, 3.8125, 6.6875], "texture": "#2"},
				"west": {"uv": [2.625, 6, 2.75, 6.6875], "texture": "#2"},
				"up": {"uv": [6.3125, 6.125, 6.25, 6], "texture": "#2"},
				"down": {"uv": [6.125, 6.25, 6.0625, 6.375], "texture": "#2"}
			}
		},
		{
			"from": [31, 15, 28.25],
			"to": [31.5, 25, 28.75],
			"rotation": {"angle": 0, "axis": "y", "origin": [31, 13, 26.75]},
			"faces": {
				"north": {"uv": [4.0625, 6, 4.125, 6.625], "texture": "#2"},
				"east": {"uv": [4.125, 6, 4.1875, 6.625], "texture": "#2"},
				"south": {"uv": [4.1875, 6, 4.25, 6.625], "texture": "#2"},
				"west": {"uv": [4.25, 6, 4.3125, 6.625], "texture": "#2"},
				"up": {"uv": [1.75, 6.5, 1.6875, 6.4375], "texture": "#2"},
				"down": {"uv": [1.8125, 6.4375, 1.75, 6.5], "texture": "#2"}
			}
		},
		{
			"from": [31, 15, 28.75],
			"to": [31.5, 21, 29.25],
			"rotation": {"angle": 0, "axis": "y", "origin": [31, 13, 26.75]},
			"faces": {
				"north": {"uv": [1.0625, 6.0625, 1.125, 6.4375], "texture": "#2"},
				"east": {"uv": [1.125, 6.0625, 1.1875, 6.4375], "texture": "#2"},
				"south": {"uv": [1.1875, 6.0625, 1.25, 6.4375], "texture": "#2"},
				"west": {"uv": [1.25, 6.0625, 1.3125, 6.4375], "texture": "#2"},
				"up": {"uv": [2, 6.5, 1.9375, 6.4375], "texture": "#2"},
				"down": {"uv": [6.5, 2.1875, 6.4375, 2.25], "texture": "#2"}
			}
		},
		{
			"from": [31, 15, 29.25],
			"to": [31.5, 17, 29.75],
			"rotation": {"angle": 0, "axis": "y", "origin": [31, 13, 26.75]},
			"faces": {
				"north": {"uv": [6.25, 6.125, 6.3125, 6.25], "texture": "#2"},
				"east": {"uv": [6.25, 6.25, 6.3125, 6.375], "texture": "#2"},
				"south": {"uv": [0.0625, 6.3125, 0.125, 6.4375], "texture": "#2"},
				"west": {"uv": [0.125, 6.3125, 0.1875, 6.4375], "texture": "#2"},
				"up": {"uv": [6.5, 2.3125, 6.4375, 2.25], "texture": "#2"},
				"down": {"uv": [6.5, 2.3125, 6.4375, 2.375], "texture": "#2"}
			}
		},
		{
			"from": [0.5, 15, 1.25],
			"to": [1, 23, 1.75],
			"rotation": {"angle": 0, "axis": "y", "origin": [0.5, 15, -0.25]},
			"faces": {
				"north": {"uv": [0.3125, 6.0625, 0.375, 6.5625], "texture": "#2"},
				"east": {"uv": [0.375, 6.0625, 0.4375, 6.5625], "texture": "#2"},
				"south": {"uv": [0.4375, 6.0625, 0.5, 6.5625], "texture": "#2"},
				"west": {"uv": [0.5, 6.0625, 0.5625, 6.5625], "texture": "#2"},
				"up": {"uv": [6.5, 2.4375, 6.4375, 2.375], "texture": "#2"},
				"down": {"uv": [6.5, 2.4375, 6.4375, 2.5], "texture": "#2"}
			}
		},
		{
			"from": [0.5, 15, 0.25],
			"to": [1, 21, 1.25],
			"rotation": {"angle": 0, "axis": "y", "origin": [0.5, 15, -1.25]},
			"faces": {
				"north": {"uv": [1.3125, 6.0625, 1.375, 6.4375], "texture": "#2"},
				"east": {"uv": [1.375, 6.0625, 1.4375, 6.4375], "texture": "#2"},
				"south": {"uv": [1.4375, 6.0625, 1.5, 6.4375], "texture": "#2"},
				"west": {"uv": [1.5, 6.0625, 1.5625, 6.4375], "texture": "#2"},
				"up": {"uv": [6.5, 2.5625, 6.4375, 2.5], "texture": "#2"},
				"down": {"uv": [6.5, 2.5625, 6.4375, 2.625], "texture": "#2"}
			}
		},
		{
			"from": [0.5, 15, -0.75],
			"to": [1, 19, 0.25],
			"rotation": {"angle": 0, "axis": "y", "origin": [0.5, 15, -1.25]},
			"faces": {
				"north": {"uv": [5.25, 6.25, 5.3125, 6.5], "texture": "#2"},
				"east": {"uv": [5.3125, 6.25, 5.375, 6.5], "texture": "#2"},
				"south": {"uv": [5.375, 6.25, 5.4375, 6.5], "texture": "#2"},
				"west": {"uv": [6.25, 5.375, 6.3125, 5.625], "texture": "#2"},
				"up": {"uv": [6.5, 2.6875, 6.4375, 2.625], "texture": "#2"},
				"down": {"uv": [6.5, 2.6875, 6.4375, 2.75], "texture": "#2"}
			}
		},
		{
			"from": [0.5, 15, -1.75],
			"to": [1, 17, -0.75],
			"rotation": {"angle": 0, "axis": "y", "origin": [0.5, 15, -1.25]},
			"faces": {
				"north": {"uv": [0.1875, 6.3125, 0.25, 6.4375], "texture": "#2"},
				"east": {"uv": [0.25, 6.3125, 0.3125, 6.4375], "texture": "#2"},
				"south": {"uv": [1.9375, 6.3125, 2, 6.4375], "texture": "#2"},
				"west": {"uv": [6.3125, 2.1875, 6.375, 2.3125], "texture": "#2"},
				"up": {"uv": [6.5, 4.0625, 6.4375, 4], "texture": "#2"},
				"down": {"uv": [6.5, 4.0625, 6.4375, 4.125], "texture": "#2"}
			}
		},
		{
			"from": [0.5, 15, -2.25],
			"to": [1, 16, -1.75],
			"rotation": {"angle": 0, "axis": "y", "origin": [0.5, 15, -1.25]},
			"faces": {
				"north": {"uv": [6.4375, 4.125, 6.5, 4.1875], "texture": "#2"},
				"east": {"uv": [6.4375, 4.1875, 6.5, 4.25], "texture": "#2"},
				"south": {"uv": [6.4375, 4.25, 6.5, 4.3125], "texture": "#2"},
				"west": {"uv": [4.3125, 6.4375, 4.375, 6.5], "texture": "#2"},
				"up": {"uv": [6.5, 4.375, 6.4375, 4.3125], "texture": "#2"},
				"down": {"uv": [4.4375, 6.4375, 4.375, 6.5], "texture": "#2"}
			}
		},
		{
			"from": [0.5, 17, -1.25],
			"to": [1, 18, -0.75],
			"rotation": {"angle": 0, "axis": "y", "origin": [0.5, 17, -0.25]},
			"faces": {
				"north": {"uv": [6.4375, 4.375, 6.5, 4.4375], "texture": "#2"},
				"east": {"uv": [4.4375, 6.4375, 4.5, 6.5], "texture": "#2"},
				"south": {"uv": [6.4375, 4.4375, 6.5, 4.5], "texture": "#2"},
				"west": {"uv": [4.5, 6.4375, 4.5625, 6.5], "texture": "#2"},
				"up": {"uv": [4.625, 6.5, 4.5625, 6.4375], "texture": "#2"},
				"down": {"uv": [6.5, 4.5625, 6.4375, 4.625], "texture": "#2"}
			}
		},
		{
			"from": [0.5, 19, -0.25],
			"to": [1, 20, 0.25],
			"rotation": {"angle": 0, "axis": "y", "origin": [0.5, 19, 0.75]},
			"faces": {
				"north": {"uv": [4.625, 6.4375, 4.6875, 6.5], "texture": "#2"},
				"east": {"uv": [6.4375, 4.625, 6.5, 4.6875], "texture": "#2"},
				"south": {"uv": [4.6875, 6.4375, 4.75, 6.5], "texture": "#2"},
				"west": {"uv": [6.4375, 4.6875, 6.5, 4.75], "texture": "#2"},
				"up": {"uv": [4.8125, 6.5, 4.75, 6.4375], "texture": "#2"},
				"down": {"uv": [6.5, 4.75, 6.4375, 4.8125], "texture": "#2"}
			}
		},
		{
			"from": [0.5, 21, 0.75],
			"to": [1, 22, 1.25],
			"rotation": {"angle": 0, "axis": "y", "origin": [0.5, 21, 1.75]},
			"faces": {
				"north": {"uv": [4.8125, 6.4375, 4.875, 6.5], "texture": "#2"},
				"east": {"uv": [6.4375, 4.8125, 6.5, 4.875], "texture": "#2"},
				"south": {"uv": [4.875, 6.4375, 4.9375, 6.5], "texture": "#2"},
				"west": {"uv": [6.4375, 4.875, 6.5, 4.9375], "texture": "#2"},
				"up": {"uv": [5, 6.5, 4.9375, 6.4375], "texture": "#2"},
				"down": {"uv": [6.5, 4.9375, 6.4375, 5], "texture": "#2"}
			}
		},
		{
			"from": [31, 15, 1.25],
			"to": [31.5, 23, 1.75],
			"rotation": {"angle": 0, "axis": "y", "origin": [31, 15, -0.25]},
			"faces": {
				"north": {"uv": [0.5625, 6.0625, 0.625, 6.5625], "texture": "#2"},
				"east": {"uv": [0.625, 6.0625, 0.6875, 6.5625], "texture": "#2"},
				"south": {"uv": [0.6875, 6.0625, 0.75, 6.5625], "texture": "#2"},
				"west": {"uv": [0.75, 6.0625, 0.8125, 6.5625], "texture": "#2"},
				"up": {"uv": [5.0625, 6.5, 5, 6.4375], "texture": "#2"},
				"down": {"uv": [6.5, 5, 6.4375, 5.0625], "texture": "#2"}
			}
		},
		{
			"from": [31, 15, 0.25],
			"to": [31.5, 21, 1.25],
			"rotation": {"angle": 0, "axis": "y", "origin": [31, 15, -1.25]},
			"faces": {
				"north": {"uv": [1.5625, 6.0625, 1.625, 6.4375], "texture": "#2"},
				"east": {"uv": [1.625, 6.0625, 1.6875, 6.4375], "texture": "#2"},
				"south": {"uv": [1.6875, 6.0625, 1.75, 6.4375], "texture": "#2"},
				"west": {"uv": [1.75, 6.0625, 1.8125, 6.4375], "texture": "#2"},
				"up": {"uv": [6.5, 5.125, 6.4375, 5.0625], "texture": "#2"},
				"down": {"uv": [6.5, 5.125, 6.4375, 5.1875], "texture": "#2"}
			}
		},
		{
			"from": [31, 15, -0.75],
			"to": [31.5, 19, 0.25],
			"rotation": {"angle": 0, "axis": "y", "origin": [31, 15, -1.25]},
			"faces": {
				"north": {"uv": [5.4375, 6.25, 5.5, 6.5], "texture": "#2"},
				"east": {"uv": [5.5, 6.25, 5.5625, 6.5], "texture": "#2"},
				"south": {"uv": [5.5625, 6.25, 5.625, 6.5], "texture": "#2"},
				"west": {"uv": [5.625, 6.25, 5.6875, 6.5], "texture": "#2"},
				"up": {"uv": [6.5, 5.25, 6.4375, 5.1875], "texture": "#2"},
				"down": {"uv": [6.5, 5.25, 6.4375, 5.3125], "texture": "#2"}
			}
		},
		{
			"from": [31, 15, -1.75],
			"to": [31.5, 17, -0.75],
			"rotation": {"angle": 0, "axis": "y", "origin": [31, 15, -1.25]},
			"faces": {
				"north": {"uv": [6.3125, 2.3125, 6.375, 2.4375], "texture": "#2"},
				"east": {"uv": [6.3125, 2.4375, 6.375, 2.5625], "texture": "#2"},
				"south": {"uv": [6.3125, 2.5625, 6.375, 2.6875], "texture": "#2"},
				"west": {"uv": [6.3125, 4.5625, 6.375, 4.6875], "texture": "#2"},
				"up": {"uv": [6.5, 5.375, 6.4375, 5.3125], "texture": "#2"},
				"down": {"uv": [6.5, 5.375, 6.4375, 5.4375], "texture": "#2"}
			}
		},
		{
			"from": [31, 15, -2.25],
			"to": [31.5, 16, -1.75],
			"rotation": {"angle": 0, "axis": "y", "origin": [31, 15, -1.25]},
			"faces": {
				"north": {"uv": [6.4375, 5.4375, 6.5, 5.5], "texture": "#2"},
				"east": {"uv": [6.4375, 5.5, 6.5, 5.5625], "texture": "#2"},
				"south": {"uv": [6.4375, 5.5625, 6.5, 5.625], "texture": "#2"},
				"west": {"uv": [5.6875, 6.4375, 5.75, 6.5], "texture": "#2"},
				"up": {"uv": [5.8125, 6.5, 5.75, 6.4375], "texture": "#2"},
				"down": {"uv": [6.5, 5.75, 6.4375, 5.8125], "texture": "#2"}
			}
		},
		{
			"from": [31, 17, -1.25],
			"to": [31.5, 18, -0.75],
			"rotation": {"angle": 0, "axis": "y", "origin": [31, 17, -0.25]},
			"faces": {
				"north": {"uv": [6.4375, 5.8125, 6.5, 5.875], "texture": "#2"},
				"east": {"uv": [6.4375, 5.875, 6.5, 5.9375], "texture": "#2"},
				"south": {"uv": [6.4375, 5.9375, 6.5, 6], "texture": "#2"},
				"west": {"uv": [6, 6.4375, 6.0625, 6.5], "texture": "#2"},
				"up": {"uv": [6.5, 6.0625, 6.4375, 6], "texture": "#2"},
				"down": {"uv": [6.125, 6.4375, 6.0625, 6.5], "texture": "#2"}
			}
		},
		{
			"from": [31, 19, -0.25],
			"to": [31.5, 20, 0.25],
			"rotation": {"angle": 0, "axis": "y", "origin": [31, 19, 0.75]},
			"faces": {
				"north": {"uv": [6.4375, 6.0625, 6.5, 6.125], "texture": "#2"},
				"east": {"uv": [6.125, 6.4375, 6.1875, 6.5], "texture": "#2"},
				"south": {"uv": [6.4375, 6.125, 6.5, 6.1875], "texture": "#2"},
				"west": {"uv": [6.1875, 6.4375, 6.25, 6.5], "texture": "#2"},
				"up": {"uv": [6.5, 6.25, 6.4375, 6.1875], "texture": "#2"},
				"down": {"uv": [6.3125, 6.4375, 6.25, 6.5], "texture": "#2"}
			}
		},
		{
			"from": [31, 21, 0.75],
			"to": [31.5, 22, 1.25],
			"rotation": {"angle": 0, "axis": "y", "origin": [31, 21, 1.75]},
			"faces": {
				"north": {"uv": [6.4375, 6.25, 6.5, 6.3125], "texture": "#2"},
				"east": {"uv": [6.3125, 6.4375, 6.375, 6.5], "texture": "#2"},
				"south": {"uv": [6.4375, 6.3125, 6.5, 6.375], "texture": "#2"},
				"west": {"uv": [6.375, 6.4375, 6.4375, 6.5], "texture": "#2"},
				"up": {"uv": [6.5, 6.4375, 6.4375, 6.375], "texture": "#2"},
				"down": {"uv": [6.5, 6.4375, 6.4375, 6.5], "texture": "#2"}
			}
		},
		{
			"from": [0, 1, -5],
			"to": [2, 4, -2],
			"rotation": {"angle": 0, "axis": "y", "origin": [0, 1, -5]},
			"faces": {
				"north": {"uv": [1.8125, 6.0625, 1.9375, 6.25], "texture": "#2"},
				"east": {"uv": [6, 2.4375, 6.1875, 2.625], "texture": "#2"},
				"south": {"uv": [6.125, 5.125, 6.25, 5.3125], "texture": "#2"},
				"west": {"uv": [4.3125, 6, 4.5, 6.1875], "texture": "#2"},
				"up": {"uv": [6.25, 5.5, 6.125, 5.3125], "texture": "#2"},
				"down": {"uv": [6.25, 5.75, 6.125, 5.9375], "texture": "#2"}
			}
		},
		{
			"from": [0, 1, 22],
			"to": [2, 4, 25],
			"rotation": {"angle": 0, "axis": "y", "origin": [0, 1, 22]},
			"faces": {
				"north": {"uv": [6.125, 5.9375, 6.25, 6.125], "texture": "#2"},
				"east": {"uv": [4.5, 6, 4.6875, 6.1875], "texture": "#2"},
				"south": {"uv": [6.125, 6.125, 6.25, 6.3125], "texture": "#2"},
				"west": {"uv": [6, 4.5625, 6.1875, 4.75], "texture": "#2"},
				"up": {"uv": [6.3125, 2.625, 6.1875, 2.4375], "texture": "#2"},
				"down": {"uv": [4.4375, 6.1875, 4.3125, 6.375], "texture": "#2"}
			}
		},
		{
			"from": [30, 1, -5],
			"to": [32, 4, -2],
			"rotation": {"angle": 0, "axis": "y", "origin": [30, 1, -5]},
			"faces": {
				"north": {"uv": [4.4375, 6.1875, 4.5625, 6.375], "texture": "#2"},
				"east": {"uv": [4.6875, 6, 4.875, 6.1875], "texture": "#2"},
				"south": {"uv": [4.5625, 6.1875, 4.6875, 6.375], "texture": "#2"},
				"west": {"uv": [6, 4.75, 6.1875, 4.9375], "texture": "#2"},
				"up": {"uv": [6.3125, 4.75, 6.1875, 4.5625], "texture": "#2"},
				"down": {"uv": [4.8125, 6.1875, 4.6875, 6.375], "texture": "#2"}
			}
		},
		{
			"from": [30, 1, 22],
			"to": [32, 4, 25],
			"rotation": {"angle": 0, "axis": "y", "origin": [30, 1, 22]},
			"faces": {
				"north": {"uv": [6.1875, 4.75, 6.3125, 4.9375], "texture": "#2"},
				"east": {"uv": [4.875, 6, 5.0625, 6.1875], "texture": "#2"},
				"south": {"uv": [4.8125, 6.1875, 4.9375, 6.375], "texture": "#2"},
				"west": {"uv": [6, 4.9375, 6.1875, 5.125], "texture": "#2"},
				"up": {"uv": [5.0625, 6.375, 4.9375, 6.1875], "texture": "#2"},
				"down": {"uv": [6.3125, 4.9375, 6.1875, 5.125], "texture": "#2"}
			}
		},
		{
			"from": [2, 28, 7],
			"to": [12, 30, 10],
			"rotation": {"angle": 0, "axis": "y", "origin": [2, 28, 7]},
			"faces": {
				"north": {"uv": [0, 3, 5, 4], "texture": "#3"},
				"east": {"uv": [5, 1, 6.5, 2], "texture": "#3"},
				"south": {"uv": [0, 4, 5, 5], "texture": "#3"},
				"west": {"uv": [5, 2, 6.5, 3], "texture": "#3"},
				"up": {"uv": [5, 1.5, 0, 0], "texture": "#3"},
				"down": {"uv": [5, 1.5, 0, 3], "texture": "#3"}
			}
		},
		{
			"from": [2, 30, 7.5],
			"to": [12, 30.5, 9.5],
			"rotation": {"angle": 0, "axis": "y", "origin": [2, 30, 7]},
			"faces": {
				"north": {"uv": [5, 3, 10, 3.25], "texture": "#3"},
				"east": {"uv": [5, 4, 6, 4.25], "texture": "#3"},
				"south": {"uv": [5, 3.5, 10, 3.75], "texture": "#3"},
				"west": {"uv": [5, 4.5, 6, 4.75], "texture": "#3"},
				"up": {"uv": [5, 6, 0, 5], "texture": "#3"},
				"down": {"uv": [10, 0, 5, 1], "texture": "#3"}
			}
		}
	],
	"display": {
		"thirdperson_righthand": {
			"rotation": [47, 0, 0],
			"translation": [-1, 0.5, -1.25],
			"scale": [0.1, 0.1, 0.1]
		},
		"thirdperson_lefthand": {
			"rotation": [47, 0, 0],
			"translation": [1, 0.5, -1.25],
			"scale": [0.1, 0.1, 0.1]
		},
		"firstperson_righthand": {
			"scale": [0.4, 0.4, 0.4]
		},
		"firstperson_lefthand": {
			"translation": [7, 0, 2.75],
			"scale": [0.4, 0.4, 0.4]
		},
		"gui": {
			"rotation": [17, 138, -7],
			"translation": [1, -2, 0],
			"scale": [0.25, 0.25, 0.25]
		},
		"head": {
			"scale": [1.6, 1.6, 1.6]
		}
	},
	"groups": [
		{
			"name": "group",
			"origin": [8, 8, 8],
			"color": 0,
			"children": [
				{
					"name": "glass",
					"origin": [-3, 26, 2.25],
					"color": 0,
					"children": [
						0,
						1,
						2,
						3,
						4,
						5,
						6,
						7,
						8,
						9,
						10,
						11,
						{
							"name": "group",
							"origin": [-3.5, 15, 1.75],
							"color": 0,
							"children": [12, 13, 14]
						},
						{
							"name": "group",
							"origin": [-3.5, 15, 1.75],
							"color": 0,
							"children": [15, 16, 17]
						},
						18,
						19,
						20,
						21,
						22
					]
				},
				{
					"name": "tiers",
					"origin": [8, 8, 8],
					"color": 0,
					"children": [
						{
							"name": "group",
							"origin": [8, 8, 8],
							"color": 0,
							"children": [
								{
									"name": "group",
									"origin": [8, 8, 8],
									"color": 0,
									"children": [23, 24, 25, 26]
								},
								{
									"name": "group",
									"origin": [8, 8, 8],
									"color": 0,
									"children": [27, 28, 29, 30]
								}
							]
						},
						{
							"name": "group",
							"origin": [8, 8, 8],
							"color": 0,
							"children": [
								{
									"name": "group",
									"origin": [8, 8, 8],
									"color": 0,
									"children": [31, 32, 33, 34]
								},
								{
									"name": "group",
									"origin": [8, 8, 8],
									"color": 0,
									"children": [35, 36, 37, 38]
								}
							]
						},
						39,
						40,
						41,
						42
					]
				},
				{
					"name": "group",
					"origin": [0, 2, 17],
					"color": 0,
					"children": [
						{
							"name": "group",
							"origin": [0, 2, 17],
							"color": 0,
							"children": [43, 44, 45, 46]
						},
						{
							"name": "group",
							"origin": [-3.75, 12.25, -6.5],
							"color": 0,
							"children": [47, 48, 49, 50, 51]
						},
						52,
						{
							"name": "group",
							"origin": [-3.5, 26, 2.25],
							"color": 0,
							"children": [53, 54, 55, 56, 57, 58, 59, 60, 61, 62, 63, 64]
						},
						{
							"name": "group",
							"origin": [-3.5, 26, 2.25],
							"color": 0,
							"children": [65, 66, 67, 68, 69, 70, 71, 72, 73, 74, 75, 76]
						},
						77,
						78,
						79,
						80,
						81,
						82,
						83,
						84,
						85,
						86,
						87,
						88,
						89,
						90,
						91,
						92,
						93,
						94,
						95,
						96,
						97,
						{
							"name": "group",
							"origin": [-3.5, 21, 1.75],
							"color": 0,
							"children": [98, 99, 100, 101, 102, 103, 104, 105]
						},
						{
							"name": "group",
							"origin": [-3.5, 21, 1.75],
							"color": 0,
							"children": [106, 107, 108, 109, 110, 111, 112, 113]
						},
						114,
						115,
						116,
						117
					]
				}
			]
		},
		118,
		119
	]
}