{
	"credit": "Made with Blockbench",
	"texture_size": [64, 64],
	"textures": {
		"0": "item/custom/wooden_stam",
		"particle": "item/custom/wooden_stam"
	},
	"elements": [
		{
			"from": [0, 0, 5],
			"to": [16, 16, 11],
			"rotation": {"angle": 0, "axis": "y", "origin": [0, 0, 5]},
			"faces": {
				"north": {"uv": [0, 0, 4, 4], "texture": "#0"},
				"east": {"uv": [4, 0, 5.5, 4], "texture": "#0"},
				"south": {"uv": [0, 4, 4, 8], "texture": "#0"},
				"west": {"uv": [4, 4, 5.5, 8], "texture": "#0"},
				"up": {"uv": [9.5, 1.5, 5.5, 0], "texture": "#0"},
				"down": {"uv": [9.5, 1.5, 5.5, 3], "texture": "#0"}
			}
		},
		{
			"from": [5, 0, 11],
			"to": [11, 16, 16],
			"rotation": {"angle": 0, "axis": "y", "origin": [11, 0, 11]},
			"faces": {
				"north": {"uv": [5.5, 3, 7, 7], "texture": "#0"},
				"east": {"uv": [0, 8, 1.25, 12], "texture": "#0"},
				"south": {"uv": [7, 3, 8.5, 7], "texture": "#0"},
				"west": {"uv": [1.25, 8, 2.5, 12], "texture": "#0"},
				"up": {"uv": [13.5, 9.25, 12, 8], "texture": "#0"},
				"down": {"uv": [13.5, 9.25, 12, 10.5], "texture": "#0"}
			}
		},
		{
			"from": [5, 0, 0],
			"to": [11, 16, 5],
			"rotation": {"angle": 0, "axis": "y", "origin": [11, 0, 0]},
			"faces": {
				"north": {"uv": [5.5, 7, 7, 11], "texture": "#0"},
				"east": {"uv": [2.5, 8, 3.75, 12], "texture": "#0"},
				"south": {"uv": [7, 7, 8.5, 11], "texture": "#0"},
				"west": {"uv": [3.75, 8, 5, 12], "texture": "#0"},
				"up": {"uv": [11, 13.25, 9.5, 12], "texture": "#0"},
				"down": {"uv": [13.5, 10.5, 12, 11.75], "texture": "#0"}
			}
		},
		{
			"from": [2, 0, 2],
			"to": [3, 16, 3],
			"rotation": {"angle": 0, "axis": "y", "origin": [8, 0, 8]},
			"faces": {
				"north": {"uv": [11.5, 12, 11.75, 16], "texture": "#0"},
				"east": {"uv": [11.75, 12, 12, 16], "texture": "#0"},
				"south": {"uv": [12, 11.75, 12.25, 15.75], "texture": "#0"},
				"west": {"uv": [12.25, 11.75, 12.5, 15.75], "texture": "#0"},
				"up": {"uv": [10.25, 13.5, 10, 13.25], "texture": "#0"},
				"down": {"uv": [10.5, 13.25, 10.25, 13.5], "texture": "#0"}
			}
		},
		{
			"from": [3, 0, 1],
			"to": [5, 16, 3],
			"rotation": {"angle": 0, "axis": "y", "origin": [9, 0, 7]},
			"faces": {
				"north": {"uv": [9, 11, 9.5, 15], "texture": "#0"},
				"east": {"uv": [11.5, 0, 12, 4], "texture": "#0"},
				"south": {"uv": [11.5, 4, 12, 8], "texture": "#0"},
				"west": {"uv": [11.5, 8, 12, 12], "texture": "#0"},
				"up": {"uv": [13.75, 5.5, 13.25, 5], "texture": "#0"},
				"down": {"uv": [13.75, 5.5, 13.25, 6], "texture": "#0"}
			}
		},
		{
			"from": [1, 0, 3],
			"to": [5, 16, 5],
			"rotation": {"angle": 0, "axis": "y", "origin": [9, 0, 7]},
			"faces": {
				"north": {"uv": [9.5, 0, 10.5, 4], "texture": "#0"},
				"east": {"uv": [8, 11, 8.5, 15], "texture": "#0"},
				"south": {"uv": [9.5, 4, 10.5, 8], "texture": "#0"},
				"west": {"uv": [8.5, 11, 9, 15], "texture": "#0"},
				"up": {"uv": [14.25, 0.5, 13.25, 0], "texture": "#0"},
				"down": {"uv": [14.25, 0.5, 13.25, 1], "texture": "#0"}
			}
		},
		{
			"from": [13, 0, 2],
			"to": [14, 16, 3],
			"rotation": {"angle": 0, "axis": "y", "origin": [7, 0, 8]},
			"faces": {
				"north": {"uv": [12.5, 0, 12.75, 4], "texture": "#0"},
				"east": {"uv": [12.5, 4, 12.75, 8], "texture": "#0"},
				"south": {"uv": [12.5, 11.75, 12.75, 15.75], "texture": "#0"},
				"west": {"uv": [12.75, 0, 13, 4], "texture": "#0"},
				"up": {"uv": [10.75, 13.5, 10.5, 13.25], "texture": "#0"},
				"down": {"uv": [11, 13.25, 10.75, 13.5], "texture": "#0"}
			}
		},
		{
			"from": [13, 0, 3],
			"to": [15, 16, 5],
			"rotation": {"angle": 0, "axis": "y", "origin": [8, 0, 9]},
			"faces": {
				"north": {"uv": [0, 12, 0.5, 16], "texture": "#0"},
				"east": {"uv": [12, 0, 12.5, 4], "texture": "#0"},
				"south": {"uv": [0.5, 12, 1, 16], "texture": "#0"},
				"west": {"uv": [1, 12, 1.5, 16], "texture": "#0"},
				"up": {"uv": [13.75, 6.5, 13.25, 6], "texture": "#0"},
				"down": {"uv": [13.75, 6.5, 13.25, 7], "texture": "#0"}
			}
		},
		{
			"from": [11, 0, 1],
			"to": [13, 16, 5],
			"rotation": {"angle": 0, "axis": "y", "origin": [8, 0, 9]},
			"faces": {
				"north": {"uv": [1.5, 12, 2, 16], "texture": "#0"},
				"east": {"uv": [9.5, 8, 10.5, 12], "texture": "#0"},
				"south": {"uv": [2, 12, 2.5, 16], "texture": "#0"},
				"west": {"uv": [10.5, 0, 11.5, 4], "texture": "#0"},
				"up": {"uv": [13.75, 2, 13.25, 1], "texture": "#0"},
				"down": {"uv": [13.75, 2, 13.25, 3], "texture": "#0"}
			}
		},
		{
			"from": [13, 0, 13],
			"to": [14, 16, 14],
			"rotation": {"angle": 0, "axis": "y", "origin": [11, 0, 11]},
			"faces": {
				"north": {"uv": [12.75, 4, 13, 8], "texture": "#0"},
				"east": {"uv": [12.75, 11.75, 13, 15.75], "texture": "#0"},
				"south": {"uv": [13, 0, 13.25, 4], "texture": "#0"},
				"west": {"uv": [13, 4, 13.25, 8], "texture": "#0"},
				"up": {"uv": [13.75, 8.25, 13.5, 8], "texture": "#0"},
				"down": {"uv": [13.75, 8.25, 13.5, 8.5], "texture": "#0"}
			}
		},
		{
			"from": [11, 0, 13],
			"to": [13, 16, 15],
			"rotation": {"angle": 0, "axis": "y", "origin": [11, 0, 11]},
			"faces": {
				"north": {"uv": [2.5, 12, 3, 16], "texture": "#0"},
				"east": {"uv": [3, 12, 3.5, 16], "texture": "#0"},
				"south": {"uv": [3.5, 12, 4, 16], "texture": "#0"},
				"west": {"uv": [4, 12, 4.5, 16], "texture": "#0"},
				"up": {"uv": [13.75, 7.5, 13.25, 7], "texture": "#0"},
				"down": {"uv": [13.75, 7.5, 13.25, 8], "texture": "#0"}
			}
		},
		{
			"from": [11, 0, 11],
			"to": [15, 16, 13],
			"rotation": {"angle": 0, "axis": "y", "origin": [11, 0, 11]},
			"faces": {
				"north": {"uv": [10.5, 4, 11.5, 8], "texture": "#0"},
				"east": {"uv": [12, 4, 12.5, 8], "texture": "#0"},
				"south": {"uv": [10.5, 8, 11.5, 12], "texture": "#0"},
				"west": {"uv": [4.5, 12, 5, 16], "texture": "#0"},
				"up": {"uv": [14.25, 3.5, 13.25, 3], "texture": "#0"},
				"down": {"uv": [14.25, 3.5, 13.25, 4], "texture": "#0"}
			}
		},
		{
			"from": [2, 0, 13],
			"to": [3, 16, 14],
			"rotation": {"angle": 0, "axis": "y", "origin": [5, 0, 11]},
			"faces": {
				"north": {"uv": [5, 12, 5.25, 16], "texture": "#0"},
				"east": {"uv": [5.25, 12, 5.5, 16], "texture": "#0"},
				"south": {"uv": [11, 12, 11.25, 16], "texture": "#0"},
				"west": {"uv": [11.25, 12, 11.5, 16], "texture": "#0"},
				"up": {"uv": [9.75, 13.5, 9.5, 13.25], "texture": "#0"},
				"down": {"uv": [10, 13.25, 9.75, 13.5], "texture": "#0"}
			}
		},
		{
			"from": [1, 0, 11],
			"to": [3, 16, 13],
			"rotation": {"angle": 0, "axis": "y", "origin": [5, 0, 11]},
			"faces": {
				"north": {"uv": [5, 8, 5.5, 12], "texture": "#0"},
				"east": {"uv": [5.5, 11, 6, 15], "texture": "#0"},
				"south": {"uv": [6, 11, 6.5, 15], "texture": "#0"},
				"west": {"uv": [6.5, 11, 7, 15], "texture": "#0"},
				"up": {"uv": [13.75, 4.5, 13.25, 4], "texture": "#0"},
				"down": {"uv": [13.75, 4.5, 13.25, 5], "texture": "#0"}
			}
		},
		{
			"from": [3, 0, 11],
			"to": [5, 16, 15],
			"rotation": {"angle": 0, "axis": "y", "origin": [5, 0, 11]},
			"faces": {
				"north": {"uv": [7, 11, 7.5, 15], "texture": "#0"},
				"east": {"uv": [8.5, 3, 9.5, 7], "texture": "#0"},
				"south": {"uv": [7.5, 11, 8, 15], "texture": "#0"},
				"west": {"uv": [8.5, 7, 9.5, 11], "texture": "#0"},
				"up": {"uv": [13.5, 12.75, 13, 11.75], "texture": "#0"},
				"down": {"uv": [13.5, 12.75, 13, 13.75], "texture": "#0"}
			}
		}
	],
	"display": {
		"gui": {
			"rotation": [15, 38, 21],
			"scale": [0.6, 0.6, 0.6]
		},
		"head": {
			"scale": [1.6, 1.6, 1.6]
		}
	},
	"groups": [
		{
			"name": "group",
			"origin": [11, 0, 0],
			"color": 0,
			"children": [0, 1, 2]
		},
		{
			"name": "group",
			"origin": [9, 0, 7],
			"color": 0,
			"children": [3, 4, 5]
		},
		{
			"name": "group",
			"origin": [9, 0, 7],
			"color": 0,
			"children": [6, 7, 8]
		},
		{
			"name": "group",
			"origin": [9, 0, 7],
			"color": 0,
			"children": [9, 10, 11]
		},
		{
			"name": "group",
			"origin": [9, 0, 7],
			"color": 0,
			"children": [12, 13, 14]
		}
	]
}