{
  "providers": [
    {
      "type":"bitmap",
      "file":"minecraft:customfont/tags/ranks.png",
      "ascent":7,
      "height":7,
      "chars":["","","","","","","","","","","",""]
    },
    {
      "type":"bitmap",
      "file":"minecraft:customfont/tags/lobby_scoreboard.png",
      "ascent":7,
      "height":7,
      "chars":["","","","",""]
    },
    {
      "type":"bitmap",
      "file":"minecraft:customfont/tags/citybuild.png",
      "ascent":7,
      "height":7,
      "chars":["","","","","","","","","","","",""]
    },
    {
      "type":"bitmap",
      "file":"minecraft:customfont/tags/switcher.png",
      "ascent":7,
      "height":7,
      "chars":["","","","","","","","","","","","","","","","","","","","","","","","","",""]
    },
    {
      "type":"bitmap",
      "file":"minecraft:customfont/tags/gamemodes.png",
      "ascent":7,
      "height":7,
      "chars":["","","","","","",""]
    },
    {
      "type":"bitmap",
      "file":"minecraft:customfont/tags/teamselector.png",
      "ascent":7,
      "height":7,
      "chars":["","","","","","","","",""]
    },
    {
      "type":"bitmap",
      "file":"minecraft:customfont/tags/hotbar.png",
      "ascent":7,
      "height":7,
      "chars":["","","","","","","","",""]
    },
    {
      "type":"bitmap",
      "file":"minecraft:customfont/tags/friendmenu.png",
      "ascent":7,
      "height":7,
      "chars":["","","","","","","","","",""]
    },
    {
      "type":"bitmap",
      "file":"minecraft:customfont/tags/lobbyspawnnpcs.png",
      "ascent":7,
      "height":7,
      "chars":["",""]
    },
    {
      "type":"bitmap",
      "file":"minecraft:customfont/tags/settings.png",
      "ascent":7,
      "height":7,
      "chars":["","","","","","","","","","",""]
    },
    {
      "type":"bitmap",
      "file":"minecraft:customfont/tags/gadgets.png",
      "ascent":7,
      "height":7,
      "chars":["","","",""]
    },
    {
        "type":"bitmap",
        "file":"minecraft:customfont/tags/citybuild_scoreboard.png",
        "height":7,
        "ascent":7,
        "chars": ["","",""]
    },
    {
        "type":"bitmap",
        "file":"minecraft:customfont/tags/jump.png",
        "height":7,
        "ascent":7,
        "chars": ["","","","","","","",""]
    },
    {
        "type":"bitmap",
        "file":"minecraft:customfont/tags/openpvp.png",
        "height":7,
        "ascent":7,
        "chars": ["","","","","","","","","","","",""]
    },
    {
        "type":"bitmap",
        "file":"minecraft:customfont/tags/icons.png",
        "height":7,
        "ascent":7,
        "chars": ["","",""]
    },
    {
        "type":"bitmap",
        "file":"minecraft:gui/custom/lobby/navigator.png",
        "height":256,
        "ascent":13,
        "chars": [""]
    },
    {
        "type":"bitmap",
        "file":"minecraft:gui/custom/lobby/friendmenu.png",
        "height":256,
        "ascent":13,
        "chars": [""]
    },
    {
        "type":"bitmap",
        "file":"minecraft:gui/custom/lobby/friendmenu_request.png",
        "height":256,
        "ascent":13,
        "chars": [""]
    },
    {
        "type":"bitmap",
        "file":"minecraft:gui/custom/lobby/friendmenu_settings.png",
        "height":256,
        "ascent":13,
        "chars": [""]
    },
    {
        "type":"bitmap",
        "file":"minecraft:gui/custom/lobby/lobby_switcher.png",
        "height":256,
        "ascent":13,
        "chars": [""]
    },
    {
        "type":"bitmap",
        "file":"minecraft:gui/custom/lobby/gadgets_hat.png",
        "height":256,
        "ascent":13,
        "chars": [""]
    },
    {
        "type":"bitmap",
        "file":"minecraft:gui/custom/lobby/gadgets_shoes.png",
        "height":256,
        "ascent":13,
        "chars": [""]
    },
    {
        "type":"bitmap",
        "file":"minecraft:gui/custom/lobby/gadgets_pets.png",
        "height":256,
        "ascent":13,
        "chars": [""]
    },
    {
        "type":"bitmap",
        "file":"minecraft:customfont/menu/help.png",
        "height":256,
        "ascent":13,
        "chars": [""]
    },
    {
        "type":"bitmap",
        "file":"minecraft:customfont/tags/pixel.png",
        "height":-3,
        "ascent":-2000,
        "chars": [""]
    },
    {
      "type":"bitmap",
      "file":"minecraft:customfont/title/title.png",
      "ascent":32,
      "height":32,
      "chars":[""]
    },
    {
      "type":"bitmap",
      "file":"minecraft:customfont/title/jumpy.png",
      "ascent":50,
      "height":50,
      "chars":[""]
    },
    {
      "type":"bitmap",
      "file":"minecraft:customfont/title/jumpy_painting.png",
      "ascent":12,
      "height":12,
      "chars":[""]
    },
    {
      "type":"bitmap",
      "file":"minecraft:customfont/title/feldbeet.png",
      "ascent":50,
      "height":50,
      "chars":[""]
    },
    {
      "type":"bitmap",
      "file":"minecraft:customfont/title/feldbeet_painting.png",
      "ascent":15,
      "height":15,
      "chars":[""]
    },
    {
      "type":"bitmap",
      "file":"minecraft:customfont/title/citybuild.png",
      "ascent":50,
      "height":50,
      "chars":[""]
    },
    {
      "type":"bitmap",
      "file":"minecraft:customfont/title/openpvp.png",
      "ascent":50,
      "height":50,
      "chars":[""]
    },
    {
      "type":"bitmap",
      "file":"minecraft:customfont/title/event.png",
      "ascent":75,
      "height":75,
      "chars":[""]
    },
    {
      "type":"bitmap",
      "file":"minecraft:customfont/title/event_wann.png",
      "ascent":76,
      "height":80,
      "chars":[""]
    },
    {
        "type":"bitmap",
        "file":"minecraft:customfont/tags/feldbeet_scoreboard.png",
        "ascent":7,
        "height":7,
        "chars":["","","","",""]
    },
    {
        "type":"bitmap",
        "file":"minecraft:gui/custom/feldbeet/teamselector.png",
        "height":256,
        "ascent":13,
        "chars": [""]
    },
    {
        "type":"bitmap",
        "file":"minecraft:gui/custom/feldbeet/shop_block.png",
        "height":256,
        "ascent":13,
        "chars": [""]
    },
    {
        "type":"bitmap",
        "file":"minecraft:gui/custom/feldbeet/shop_tools.png",
        "height":256,
        "ascent":13,
        "chars": [""]
    },
    {
        "type":"bitmap",
        "file":"minecraft:gui/custom/feldbeet/shop_weapons.png",
        "height":256,
        "ascent":13,
        "chars": [""]
    },
    {
        "type":"bitmap",
        "file":"minecraft:gui/custom/feldbeet/shop_armor.png",
        "height":256,
        "ascent":13,
        "chars": [""]
    },
    {
        "type":"bitmap",
        "file":"minecraft:gui/custom/feldbeet/shop_food.png",
        "height":256,
        "ascent":13,
        "chars": [""]
    },
    {
        "type":"bitmap",
        "file":"minecraft:gui/custom/feldbeet/shop_special.png",
        "height":256,
        "ascent":13,
        "chars": [""]
    },
    {
        "type":"bitmap",
        "file":"minecraft:gui/custom/feldbeet/teams.png",
        "height":256,
        "ascent":13,
        "chars": [""]
    },
    {
        "type":"bitmap",
        "file":"minecraft:gui/custom/feldbeet/settings.png",
        "height":256,
        "ascent":13,
        "chars": [""]
    },
    {
        "type":"bitmap",
        "file":"minecraft:gui/custom/feldbeet/maps.png",
        "height":256,
        "ascent":13,
        "chars": [""]
    },
    {
        "type":"bitmap",
        "file":"minecraft:gui/custom/feldbeet/compass.png",
        "height":256,
        "ascent":13,
        "chars": [""]
    },
    {
        "type":"bitmap",
        "file":"minecraft:gui/custom/feldbeet/death_settings.png",
        "height":256,
        "ascent":13,
        "chars": [""]
    },
    {
        "type":"bitmap",
        "file":"minecraft:gui/custom/citybuild/build.png",
        "height":256,
        "ascent":13,
        "chars": [""]
    },
    {
        "type":"bitmap",
        "file":"minecraft:gui/custom/citybuild/chat_settings.png",
        "height":256,
        "ascent":13,
        "chars": [""]
    },
    {
        "type":"bitmap",
        "file":"minecraft:gui/custom/citybuild/farm.png",
        "height":256,
        "ascent":13,
        "chars": [""]
    },
    {
        "type":"bitmap",
        "file":"minecraft:gui/custom/citybuild/jobs.png",
        "height":256,
        "ascent":13,
        "chars": [""]
    },
    {
        "type":"bitmap",
        "file":"minecraft:gui/custom/citybuild/shops.png",
        "height":256,
        "ascent":13,
        "chars": [""]
    },
    {
        "type":"bitmap",
        "file":"minecraft:gui/custom/citybuild/trades.png",
        "height":256,
        "ascent":13,
        "chars": [""]
    },
    {
        "type":"bitmap",
        "file":"minecraft:gui/custom/openpvp/shop_main.png",
        "height":256,
        "ascent":33,
        "chars": [""]
    },
    {
        "type":"bitmap",
        "file":"minecraft:gui/custom/openpvp/shop_weapons.png",
        "height":256,
        "ascent":33,
        "chars": [""]
    },
    {
        "type":"bitmap",
        "file":"minecraft:gui/custom/openpvp/shop_armor.png",
        "height":256,
        "ascent":33,
        "chars": [""]
    },
    {
        "type":"bitmap",
        "file":"minecraft:gui/custom/openpvp/shop_special.png",
        "height":256,
        "ascent":33,
        "chars": [""]
    }
  ]
}
