{
    "model": {
        "type": "range_dispatch",
        "property": "custom_model_data",
        "fallback": {
            "type": "model",
            "model": "item/leather_horse_armor"
        },
        "entries": [
            {
                "threshold": 1,
                "model": {
                    "type": "model",
                    "model": "minecraft:custom/lounger",
                    "tints": [
                        {
                          "type": "minecraft:dye",
                          "default": -6265536
                        }
                    ]
                }
            },
            {
                "threshold": 2,
                "model": {
                    "type": "model",
                    "model": "minecraft:custom/pedestal_stone",
                    "tints": [
                        {
                          "type": "minecraft:dye",
                          "default": -6265536
                        }
                    ]
                }
            },
            {
                "threshold": 3,
                "model": {
                    "type": "model",
                    "model": "minecraft:custom/car",
                    "tints": [
                        {
                          "type": "minecraft:dye",
                          "default": -6265536
                        }
                    ]
                }
            },
            {
                "threshold": 4,
                "model": {
                    "type": "model",
                    "model": "minecraft:custom/garbage_can",
                    "tints": [
                        {
                          "type": "minecraft:dye",
                          "default": -6265536
                        }
                    ]
                }
            }
        ]
    }
}
