{
    "parent": "item/generated",
    "textures": {
        "layer0": "item/golden_hoe"
    },
    "overrides": [
    {"predicate": {"custom_model_data":1}, "model": "custom/sign_admin"},
    {"predicate": {"custom_model_data":2}, "model": "custom/sign_dev"},
    {"predicate": {"custom_model_data":3}, "model": "custom/sign_mod"},
    {"predicate": {"custom_model_data":4}, "model": "custom/sign_creative"},
    {"predicate": {"custom_model_data":5}, "model": "custom/campfire"},
    {"predicate": {"custom_model_data":6}, "model": "custom/wooden_stam"},
    {"predicate": {"custom_model_data":7}, "model": "custom/wooden_stam_lay"},
    {"predicate": {"custom_model_data":8}, "model": "custom/bench3x"},
    {"predicate": {"custom_model_data":9}, "model": "custom/bench2x"},
    {"predicate": {"custom_model_data":10}, "model": "custom/elevator"},
    {"predicate": {"custom_model_data":11}, "model": "custom/fence"},
    {"predicate": {"custom_model_data":12}, "model": "custom/taxi"}
    ]
}
