{
    "parent": "item/generated",
    "textures": {
        "layer0": "item/paper"
    },
    "overrides": [
    {"predicate": {"custom_model_data":1}, "model": "minecraft:custom/invisible"},
    {"predicate": {"custom_model_data":2}, "model": "minecraft:custom/button_next_sel"},
    {"predicate": {"custom_model_data":3}, "model": "minecraft:custom/button_next"},
    {"predicate": {"custom_model_data":4}, "model": "minecraft:custom/button_prev_sel"},
    {"predicate": {"custom_model_data":5}, "model": "minecraft:custom/button_prev"},
    {"predicate": {"custom_model_data":6}, "model": "minecraft:custom/button_on"},
    {"predicate": {"custom_model_data":7}, "model": "minecraft:custom/button_off"},
    {"predicate": {"custom_model_data":8}, "model": "minecraft:custom/button_go"},
    {"predicate": {"custom_model_data":9}, "model": "minecraft:custom/button_fly"},
    {"predicate": {"custom_model_data":10}, "model": "minecraft:custom/button_jump"},

    {"predicate": {"custom_model_data":11}, "model": "minecraft:custom/lobby_no"},
    {"predicate": {"custom_model_data":12}, "model": "minecraft:custom/lobby-1"},
    {"predicate": {"custom_model_data":13}, "model": "minecraft:custom/lobby-2"},
    {"predicate": {"custom_model_data":14}, "model": "minecraft:custom/lobby-3"},
    {"predicate": {"custom_model_data":15}, "model": "minecraft:custom/lobby-4"},
    {"predicate": {"custom_model_data":16}, "model": "minecraft:custom/lobby-5"},
    {"predicate": {"custom_model_data":17}, "model": "minecraft:custom/lobby-6"},
    {"predicate": {"custom_model_data":18}, "model": "minecraft:custom/lobby-7"},
    {"predicate": {"custom_model_data":19}, "model": "minecraft:custom/lobby-1_pressed"},
    {"predicate": {"custom_model_data":20}, "model": "minecraft:custom/lobby-2_pressed"},
    {"predicate": {"custom_model_data":21}, "model": "minecraft:custom/lobby-3_pressed"},
    {"predicate": {"custom_model_data":22}, "model": "minecraft:custom/lobby-4_pressed"},
    {"predicate": {"custom_model_data":23}, "model": "minecraft:custom/lobby-5_pressed"},
    {"predicate": {"custom_model_data":24}, "model": "minecraft:custom/lobby-6_pressed"},
    {"predicate": {"custom_model_data":25}, "model": "minecraft:custom/lobby-7_pressed"},
    {"predicate": {"custom_model_data":26}, "model": "minecraft:custom/premium-lobby_no"},
    {"predicate": {"custom_model_data":27}, "model": "minecraft:custom/premium-lobby-1"},
    {"predicate": {"custom_model_data":28}, "model": "minecraft:custom/premium-lobby-2"},
    {"predicate": {"custom_model_data":29}, "model": "minecraft:custom/premium-lobby-3"},
    {"predicate": {"custom_model_data":30}, "model": "minecraft:custom/premium-lobby-4"},
    {"predicate": {"custom_model_data":31}, "model": "minecraft:custom/premium-lobby-5"},
    {"predicate": {"custom_model_data":32}, "model": "minecraft:custom/premium-lobby-6"},
    {"predicate": {"custom_model_data":33}, "model": "minecraft:custom/premium-lobby-7"},
    {"predicate": {"custom_model_data":34}, "model": "minecraft:custom/premium-lobby-1_pressed"},
    {"predicate": {"custom_model_data":35}, "model": "minecraft:custom/premium-lobby-2_pressed"},
    {"predicate": {"custom_model_data":36}, "model": "minecraft:custom/premium-lobby-3_pressed"},
    {"predicate": {"custom_model_data":37}, "model": "minecraft:custom/premium-lobby-4_pressed"},
    {"predicate": {"custom_model_data":38}, "model": "minecraft:custom/premium-lobby-5_pressed"},
    {"predicate": {"custom_model_data":39}, "model": "minecraft:custom/premium-lobby-6_pressed"},
    {"predicate": {"custom_model_data":40}, "model": "minecraft:custom/premium-lobby-7_pressed"},
    {"predicate": {"custom_model_data":41}, "model": "minecraft:custom/coin"},
    {"predicate": {"custom_model_data":42}, "model": "minecraft:custom/coin_pressed"},
    {"predicate": {"custom_model_data":43}, "model": "minecraft:custom/switcher"},
    {"predicate": {"custom_model_data":44}, "model": "minecraft:custom/navigator"},
    {"predicate": {"custom_model_data":45}, "model": "minecraft:custom/gadgets"},
    {"predicate": {"custom_model_data":46}, "model": "minecraft:custom/gadgets_hats"},
    {"predicate": {"custom_model_data":47}, "model": "minecraft:custom/gadgets_pets"},
    {"predicate": {"custom_model_data":48}, "model": "minecraft:custom/bin"},
    {"predicate": {"custom_model_data":49}, "model": "minecraft:custom/team_menu"},
    {"predicate": {"custom_model_data":50}, "model": "minecraft:custom/feldbeet_red"},
    {"predicate": {"custom_model_data":51}, "model": "minecraft:custom/feldbeet_blue"},
    {"predicate": {"custom_model_data":52}, "model": "minecraft:custom/feldbeet_yellow"},
    {"predicate": {"custom_model_data":53}, "model": "minecraft:custom/feldbeet_lime"},
    {"predicate": {"custom_model_data":54}, "model": "minecraft:custom/feldbeet_tuerkise"},
    {"predicate": {"custom_model_data":55}, "model": "minecraft:custom/feldbeet_purple"},
    {"predicate": {"custom_model_data":56}, "model": "minecraft:custom/feldbeet_white"},
    {"predicate": {"custom_model_data":57}, "model": "minecraft:custom/feldbeet_pink"},
    {"predicate": {"custom_model_data":58}, "model": "minecraft:custom/chat_standard"},
    {"predicate": {"custom_model_data":59}, "model": "minecraft:custom/chat_global"},
    {"predicate": {"custom_model_data":60}, "model": "minecraft:custom/chat_lokal"},
    {"predicate": {"custom_model_data":61}, "model": "minecraft:custom/chat_trade"},
    {"predicate": {"custom_model_data":62}, "model": "minecraft:custom/chat_privat"},
    {"predicate": {"custom_model_data":63}, "model": "minecraft:custom/trade_accept"},
    {"predicate": {"custom_model_data":64}, "model": "minecraft:custom/trade_money"}
    ]
}
