{
    "model": {
        "type": "range_dispatch",
        "property": "custom_model_data",
        "fallback": {
            "type": "model",
            "model": ""
        },
        "entries": [
            {
                "threshold": 1,
                "model": {
                    "type": "model",
                    "model": "custom/sign_admin"
                }
            },
            {
                "threshold": 2,
                "model": {
                    "type": "model",
                    "model": "custom/sign_dev"
                }
            },
            {
                "threshold": 3,
                "model": {
                    "type": "model",
                    "model": "custom/sign_mod"
                }
            },
            {
                "threshold": 4,
                "model": {
                    "type": "model",
                    "model": "custom/sign_creative"
                }
            },
            {
                "threshold": 5,
                "model": {
                    "type": "model",
                    "model": "custom/campfire"
                }
            },
            {
                "threshold": 6,
                "model": {
                    "type": "model",
                    "model": "custom/wooden_stam"
                }
            },
            {
                "threshold": 7,
                "model": {
                    "type": "model",
                    "model": "custom/wooden_stam_lay"
                }
            },
            {
                "threshold": 8,
                "model": {
                    "type": "model",
                    "model": "custom/bench3x"
                }
            },
            {
                "threshold": 9,
                "model": {
                    "type": "model",
                    "model": "custom/bench2x"
                }
            },
            {
                "threshold": 10,
                "model": {
                    "type": "model",
                    "model": "custom/elevator"
                }
            },
            {
                "threshold": 11,
                "model": {
                    "type": "model",
                    "model": "custom/fence"
                }
            },
            {
                "threshold": 12,
                "model": {
                    "type": "model",
                    "model": "custom/taxi"
                }
            },
            {
                "threshold": 13,
                "model": {
                    "type": "model",
                    "model": "custom/sign_sup"
                }
            },
            {
                "threshold": 14,
                "model": {
                    "type": "model",
                    "model": "custom/sign_leitung"
                }
            }
        ]
    }
}
