{
    "model": {
        "type": "range_dispatch",
        "property": "custom_model_data",
        "fallback": {
            "type": "model",
            "model": "item/name_tag"
        },
        "entries": [
            {
                "threshold": 1,
                "model": {
                    "type": "model",
                    "model": "minecraft:custom/nickname"
                }
            },
            {
                "threshold": 2,
                "model": {
                    "type": "model",
                    "model": "minecraft:custom/nickname_off"
                }
            }
        ]
    }
}