{
    "model": {
        "type": "range_dispatch",
        "property": "custom_model_data",
        "fallback": {
            "type": "model",
            "model": "item/paper"
        },
        "entries": [
            {
                "threshold": 1,
                "model": {
                    "type": "model",
                    "model": "minecraft:custom/invisible"
                }
            },
            {
                "threshold": 2,
                "model": {
                    "type": "model",
                    "model": "minecraft:custom/button_next_sel"
                }
            },
            {
                "threshold": 3,
                "model": {
                    "type": "model",
                    "model": "minecraft:custom/button_next"
                }
            },
            {
                "threshold": 4,
                "model": {
                    "type": "model",
                    "model": "minecraft:custom/button_prev_sel"
                }
            },
            {
                "threshold": 5,
                "model": {
                    "type": "model",
                    "model": "minecraft:custom/button_prev"
                }
            },
            {
                "threshold": 6,
                "model": {
                    "type": "model",
                    "model": "minecraft:custom/button_on"
                }
            },
            {
                "threshold": 7,
                "model": {
                    "type": "model",
                    "model": "minecraft:custom/button_off"
                }
            },
            {
                "threshold": 8,
                "model": {
                    "type": "model",
                    "model": "minecraft:custom/button_go"
                }
            },
            {
                "threshold": 9,
                "model": {
                    "type": "model",
                    "model": "minecraft:custom/button_fly"
                }
            },
            {
                "threshold": 10,
                "model": {
                    "type": "model",
                    "model": "minecraft:custom/button_jump"
                }
            },
            {
                "threshold": 11,
                "model": {
                    "type": "model",
                    "model": "minecraft:custom/lobby_no"
                }
            },
            {
                "threshold": 12,
                "model": {
                    "type": "model",
                    "model": "minecraft:custom/lobby-1"
                }
            },
            {
                "threshold": 13,
                "model": {
                    "type": "model",
                    "model": "minecraft:custom/lobby-2"
                }
            },
            {
                "threshold": 14,
                "model": {
                    "type": "model",
                    "model": "minecraft:custom/lobby-3"
                }
            },
            {
                "threshold": 15,
                "model": {
                    "type": "model",
                    "model": "minecraft:custom/lobby-4"
                }
            },
            {
                "threshold": 16,
                "model": {
                    "type": "model",
                    "model": "minecraft:custom/lobby-5"
                }
            },
            {
                "threshold": 17,
                "model": {
                    "type": "model",
                    "model": "minecraft:custom/lobby-6"
                }
            },
            {
                "threshold": 18,
                "model": {
                    "type": "model",
                    "model": "minecraft:custom/lobby-7"
                }
            },
            {
                "threshold": 19,
                "model": {
                    "type": "model",
                    "model": "minecraft:custom/lobby-1_pressed"
                }
            },
            {
                "threshold": 20,
                "model": {
                    "type": "model",
                    "model": "minecraft:custom/lobby-2_pressed"
                }
            },
            {
                "threshold": 21,
                "model": {
                    "type": "model",
                    "model": "minecraft:custom/lobby-3_pressed"
                }
            },
            {
                "threshold": 22,
                "model": {
                    "type": "model",
                    "model": "minecraft:custom/lobby-4_pressed"
                }
            },
            {
                "threshold": 23,
                "model": {
                    "type": "model",
                    "model": "minecraft:custom/lobby-5_pressed"
                }
            },
            {
                "threshold": 24,
                "model": {
                    "type": "model",
                    "model": "minecraft:custom/lobby-6_pressed"
                }
            },
            {
                "threshold": 25,
                "model": {
                    "type": "model",
                    "model": "minecraft:custom/lobby-7_pressed"
                }
            },
            {
                "threshold": 26,
                "model": {
                    "type": "model",
                    "model": "minecraft:custom/premium-lobby_no"
                }
            },
            {
                "threshold": 27,
                "model": {
                    "type": "model",
                    "model": "minecraft:custom/premium-lobby-1"
                }
            },
            {
                "threshold": 28,
                "model": {
                    "type": "model",
                    "model": "minecraft:custom/premium-lobby-2"
                }
            },
            {
                "threshold": 29,
                "model": {
                    "type": "model",
                    "model": "minecraft:custom/premium-lobby-3"
                }
            },
            {
                "threshold": 30,
                "model": {
                    "type": "model",
                    "model": "minecraft:custom/premium-lobby-4"
                }
            },
            {
                "threshold": 31,
                "model": {
                    "type": "model",
                    "model": "minecraft:custom/premium-lobby-5"
                }
            },
            {
                "threshold": 32,
                "model": {
                    "type": "model",
                    "model": "minecraft:custom/premium-lobby-6"
                }
            },
            {
                "threshold": 33,
                "model": {
                    "type": "model",
                    "model": "minecraft:custom/premium-lobby-7"
                }
            },
            {
                "threshold": 34,
                "model": {
                    "type": "model",
                    "model": "minecraft:custom/premium-lobby-1_pressed"
                }
            },
            {
                "threshold": 35,
                "model": {
                    "type": "model",
                    "model": "minecraft:custom/premium-lobby-2_pressed"
                }
            },
            {
                "threshold": 36,
                "model": {
                    "type": "model",
                    "model": "minecraft:custom/premium-lobby-3_pressed"
                }
            },
            {
                "threshold": 37,
                "model": {
                    "type": "model",
                    "model": "minecraft:custom/premium-lobby-4_pressed"
                }
            },
            {
                "threshold": 38,
                "model": {
                    "type": "model",
                    "model": "minecraft:custom/premium-lobby-5_pressed"
                }
            },
            {
                "threshold": 39,
                "model": {
                    "type": "model",
                    "model": "minecraft:custom/premium-lobby-6_pressed"
                }
            },
            {
                "threshold": 40,
                "model": {
                    "type": "model",
                    "model": "minecraft:custom/premium-lobby-7_pressed"
                }
            },
            {
                "threshold": 41,
                "model": {
                    "type": "model",
                    "model": "minecraft:custom/coin"
                }
            },
            {
                "threshold": 42,
                "model": {
                    "type": "model",
                    "model": "minecraft:custom/coin_pressed"
                }
            },
            {
                "threshold": 43,
                "model": {
                    "type": "model",
                    "model": "minecraft:custom/switcher"
                }
            },
            {
                "threshold": 44,
                "model": {
                    "type": "model",
                    "model": "minecraft:custom/navigator"
                }
            },
            {
                "threshold": 45,
                "model": {
                    "type": "model",
                    "model": "minecraft:custom/gadgets"
                }
            },
            {
                "threshold": 46,
                "model": {
                    "type": "model",
                    "model": "minecraft:custom/gadgets_hats"
                }
            },
            {
                "threshold": 47,
                "model": {
                    "type": "model",
                    "model": "minecraft:custom/gadgets_pets"
                }
            },
            {
                "threshold": 48,
                "model": {
                    "type": "model",
                    "model": "minecraft:custom/bin"
                }
            },
            {
                "threshold": 49,
                "model": {
                    "type": "model",
                    "model": "minecraft:custom/team_menu"
                }
            },
            {
                "threshold": 50,
                "model": {
                    "type": "model",
                    "model": "minecraft:custom/feldbeet_red"
                }
            },
            {
                "threshold": 51,
                "model": {
                    "type": "model",
                    "model": "minecraft:custom/feldbeet_blue"
                }
            },
            {
                "threshold": 52,
                "model": {
                    "type": "model",
                    "model": "minecraft:custom/feldbeet_yellow"
                }
            },
            {
                "threshold": 53,
                "model": {
                    "type": "model",
                    "model": "minecraft:custom/feldbeet_lime"
                }
            },
            {
                "threshold": 54,
                "model": {
                    "type": "model",
                    "model": "minecraft:custom/feldbeet_tuerkise"
                }
            },
            {
                "threshold": 55,
                "model": {
                    "type": "model",
                    "model": "minecraft:custom/feldbeet_purple"
                }
            },
            {
                "threshold": 56,
                "model": {
                    "type": "model",
                    "model": "minecraft:custom/feldbeet_white"
                }
            },
            {
                "threshold": 57,
                "model": {
                    "type": "model",
                    "model": "minecraft:custom/feldbeet_pink"
                }
            },
            {
                "threshold": 58,
                "model": {
                    "type": "model",
                    "model": "minecraft:custom/chat_standard"
                }
            },
            {
                "threshold": 59,
                "model": {
                    "type": "model",
                    "model": "minecraft:custom/chat_global"
                }
            },
            {
                "threshold": 60,
                "model": {
                    "type": "model",
                    "model": "minecraft:custom/chat_lokal"
                }
            },
            {
                "threshold": 61,
                "model": {
                    "type": "model",
                    "model": "minecraft:custom/chat_trade"
                }
            },
            {
                "threshold": 62,
                "model": {
                    "type": "model",
                    "model": "minecraft:custom/chat_privat"
                }
            },
            {
                "threshold": 63,
                "model": {
                    "type": "model",
                    "model": "minecraft:custom/trade_accept"
                }
            },
            {
                "threshold": 64,
                "model": {
                    "type": "model",
                    "model": "minecraft:custom/trade_money"
                }
            },
            {
                "threshold": 65,
                "model": {
                    "type": "model",
                    "model": "minecraft:custom/just_no"
                }
            },
            {
                "threshold": 66,
                "model": {
                    "type": "model",
                    "model": "minecraft:custom/buy_ec"
                }
            },
            {
                "threshold": 67,
                "model": {
                    "type": "model",
                    "model": "minecraft:custom/no_buy_ec"
                }
            }
        ]
    }
}
